image_id,original,angel,object,rating
0,https://s3.amazonaws.com/deepangelai/results/person/29f82b86-dba5-4a15-9d47-3ce2d8ce6ef2/original.jpg,https://s3.amazonaws.com/deepangelai/results/person/29f82b86-dba5-4a15-9d47-3ce2d8ce6ef2/box/_100.jpg,person,9
1,https://s3.amazonaws.com/deepangelai/results/bicycle/b1fbfb0c-8328-4858-9713-9afd6727b0b6/original.jpg,https://s3.amazonaws.com/deepangelai/results/bicycle/b1fbfb0c-8328-4858-9713-9afd6727b0b6/box/_100.jpg,bicycle,9
2,https://s3.amazonaws.com/deepangelai/results/dog/49eb7b79-7fb7-4778-8735-c54910992ef2/original.jpg,https://s3.amazonaws.com/deepangelai/results/dog/49eb7b79-7fb7-4778-8735-c54910992ef2/box/_100.jpg,dog,3
3,https://s3.amazonaws.com/deepangelai/results/person/72522cf7-a59a-47e7-aaef-2f51cd6ba554/original.jpg,https://s3.amazonaws.com/deepangelai/results/person/72522cf7-a59a-47e7-aaef-2f51cd6ba554/box/_100.jpg,person,1
4,https://s3.amazonaws.com/deepangelai/results/bowl/a5fda912-32fe-49e7-88d2-d2f26036abbc/original.jpg,https://s3.amazonaws.com/deepangelai/results/bowl/a5fda912-32fe-49e7-88d2-d2f26036abbc/box/_100.jpg,bowl,9
5,https://s3.amazonaws.com/deepangelai/results/knife/a30bc813-247a-4e2b-87ff-d62045e4cba8/original.jpg,https://s3.amazonaws.com/deepangelai/results/knife/a30bc813-247a-4e2b-87ff-d62045e4cba8/box/_100.jpg,knife,9
6,https://s3.amazonaws.com/deepangelai/results/person/450e7ddf-66f9-46e2-acab-7f95cef83fdf/original.jpg,https://s3.amazonaws.com/deepangelai/results/person/450e7ddf-66f9-46e2-acab-7f95cef83fdf/box/_100.jpg,person,1
7,https://s3.amazonaws.com/deepangelai/results/car/70574768-53dd-4ff1-b870-d06b9d2b1053/original.jpg,https://s3.amazonaws.com/deepangelai/results/car/70574768-53dd-4ff1-b870-d06b9d2b1053/box/_100.jpg,car,2
8,https://s3.amazonaws.com/deepangelai/results/person/c655d743-6ebb-47eb-a5fc-2d3f9971dc72/original.jpg,https://s3.amazonaws.com/deepangelai/results/person/c655d743-6ebb-47eb-a5fc-2d3f9971dc72/box/_100.jpg,person,3
9,https://s3.amazonaws.com/deepangelai/results/bicycle/029c68eb-84e6-4b8e-9e13-a044f12ba9fa/original.jpg,https://s3.amazonaws.com/deepangelai/results/bicycle/029c68eb-84e6-4b8e-9e13-a044f12ba9fa/box/_100.jpg,bicycle,9
10,https://s3.amazonaws.com/deepangelai/results/bird/16f14dde-ed79-4e6e-8ba9-4039a775e8b6/original.jpg,https://s3.amazonaws.com/deepangelai/results/bird/16f14dde-ed79-4e6e-8ba9-4039a775e8b6/box/_100.jpg,bird,1
11,https://s3.amazonaws.com/deepangelai/results/cat/fabac973-6e7d-42cc-9653-13814f46235c/original.jpg,https://s3.amazonaws.com/deepangelai/results/cat/fabac973-6e7d-42cc-9653-13814f46235c/box/_100.jpg,cat,4
12,https://s3.amazonaws.com/deepangelai/results/person/01f2a48d-983e-487c-b3c4-3bbc407b6ccb/original.jpg,https://s3.amazonaws.com/deepangelai/results/person/01f2a48d-983e-487c-b3c4-3bbc407b6ccb/box/_100.jpg,person,3
13,https://s3.amazonaws.com/deepangelai/results/fork/47603947-934a-4b53-9949-b5b835179c7f/original.jpg,https://s3.amazonaws.com/deepangelai/results/fork/47603947-934a-4b53-9949-b5b835179c7f/box/_100.jpg,fork,1
14,https://s3.amazonaws.com/deepangelai/results/cat/99404580-76c0-475e-ac59-d9cab42b1550/original.jpg,https://s3.amazonaws.com/deepangelai/results/cat/99404580-76c0-475e-ac59-d9cab42b1550/box/_100.jpg,cat,9
15,https://s3.amazonaws.com/deepangelai/results/bird/4c980df7-f779-4788-a8a1-8129875d0986/original.jpg,https://s3.amazonaws.com/deepangelai/results/bird/4c980df7-f779-4788-a8a1-8129875d0986/box/_100.jpg,bird,2
16,https://s3.amazonaws.com/deepangelai/results/knife/78586b9b-0108-4ca8-9c3c-901d0b52a427/original.jpg,https://s3.amazonaws.com/deepangelai/results/knife/78586b9b-0108-4ca8-9c3c-901d0b52a427/box/_100.jpg,knife,9
17,https://s3.amazonaws.com/deepangelai/results/airplane/92fc13c1-6831-4a99-aed6-b9a8ff02fa03/original.jpg,https://s3.amazonaws.com/deepangelai/results/airplane/92fc13c1-6831-4a99-aed6-b9a8ff02fa03/box/_100.jpg,airplane,1
18,https://s3.amazonaws.com/deepangelai/results/clock/9c7fb532-774d-4bca-85d6-a38e2d69d5c5/original.jpg,https://s3.amazonaws.com/deepangelai/results/clock/9c7fb532-774d-4bca-85d6-a38e2d69d5c5/box/_100.jpg,clock,9
19,https://s3.amazonaws.com/deepangelai/results/person/cc10cf10-3e28-44ac-9bfa-0c481a2a2030/original.jpg,https://s3.amazonaws.com/deepangelai/results/person/cc10cf10-3e28-44ac-9bfa-0c481a2a2030/box/_100.jpg,person,2
20,https://s3.amazonaws.com/deepangelai/results/airplane/7fbbd5ea-6f58-4a3b-873f-6727db3bbd75/original.jpg,https://s3.amazonaws.com/deepangelai/results/airplane/7fbbd5ea-6f58-4a3b-873f-6727db3bbd75/box/_100.jpg,airplane,1
21,https://s3.amazonaws.com/deepangelai/results/car/ad11e737-338c-42b7-b6fd-8f2805c10242/original.jpg,https://s3.amazonaws.com/deepangelai/results/car/ad11e737-338c-42b7-b6fd-8f2805c10242/box/_100.jpg,car,2
22,https://s3.amazonaws.com/deepangelai/results/horse/d85286ba-429f-4394-822f-eca0b79a1c27/original.jpg,https://s3.amazonaws.com/deepangelai/results/horse/d85286ba-429f-4394-822f-eca0b79a1c27/box/_100.jpg,horse,9
23,https://s3.amazonaws.com/deepangelai/results/surfboard/d6d4d041-2411-4b6c-940a-ff6f4cd66732/original.jpg,https://s3.amazonaws.com/deepangelai/results/surfboard/d6d4d041-2411-4b6c-940a-ff6f4cd66732/box/_100.jpg,surfboard,9
24,https://s3.amazonaws.com/deepangelai/results/person/d8588914-f528-4eaf-a919-386bf90937fe/original.jpg,https://s3.amazonaws.com/deepangelai/results/person/d8588914-f528-4eaf-a919-386bf90937fe/box/_100.jpg,person,4
25,https://s3.amazonaws.com/deepangelai/results/person/3fa28e92-861e-42e0-b39a-4101c112e739/original.jpg,https://s3.amazonaws.com/deepangelai/results/person/3fa28e92-861e-42e0-b39a-4101c112e739/box/_100.jpg,person,4
26,https://s3.amazonaws.com/deepangelai/results/person/709eae4d-0992-4c0e-a326-7522e629669a/original.jpg,https://s3.amazonaws.com/deepangelai/results/person/709eae4d-0992-4c0e-a326-7522e629669a/box/_100.jpg,person,5
27,https://s3.amazonaws.com/deepangelai/results/cell%20phone/683e7cae-6e62-4de3-8cb1-8ca6887aa411/original.jpg,https://s3.amazonaws.com/deepangelai/results/cell%20phone/683e7cae-6e62-4de3-8cb1-8ca6887aa411/box/_100.jpg,cell%20phone,2
28,https://s3.amazonaws.com/deepangelai/results/bicycle/45255f29-fc5e-40f5-bd85-7b5d0811e7f4/original.jpg,https://s3.amazonaws.com/deepangelai/results/bicycle/45255f29-fc5e-40f5-bd85-7b5d0811e7f4/box/_100.jpg,bicycle,4
29,https://s3.amazonaws.com/deepangelai/results/keyboard/4fecc9f4-4706-47c0-8be9-32ff93a0a30b/original.jpg,https://s3.amazonaws.com/deepangelai/results/keyboard/4fecc9f4-4706-47c0-8be9-32ff93a0a30b/box/_100.jpg,keyboard,9
30,https://s3.amazonaws.com/deepangelai/results/elephant/2115cd14-2df9-4a53-bbd3-7d93466a7c72/original.jpg,https://s3.amazonaws.com/deepangelai/results/elephant/2115cd14-2df9-4a53-bbd3-7d93466a7c72/box/_100.jpg,elephant,9
31,https://s3.amazonaws.com/deepangelai/results/car/06c5a4cd-7918-45b3-8284-13addef52dbf/original.jpg,https://s3.amazonaws.com/deepangelai/results/car/06c5a4cd-7918-45b3-8284-13addef52dbf/box/_100.jpg,car,9
32,https://s3.amazonaws.com/deepangelai/results/person/2a79cf04-09a9-43f6-9dc5-b2835f1e7a7d/original.jpg,https://s3.amazonaws.com/deepangelai/results/person/2a79cf04-09a9-43f6-9dc5-b2835f1e7a7d/box/_100.jpg,person,9
33,https://s3.amazonaws.com/deepangelai/results/mouse/a92a3e73-9f36-4c79-8121-8e473f3e6a87/original.jpg,https://s3.amazonaws.com/deepangelai/results/mouse/a92a3e73-9f36-4c79-8121-8e473f3e6a87/box/_100.jpg,mouse,4
34,https://s3.amazonaws.com/deepangelai/results/person/8260c5eb-9280-4345-ae97-a216965da5ba/original.jpg,https://s3.amazonaws.com/deepangelai/results/person/8260c5eb-9280-4345-ae97-a216965da5ba/box/_100.jpg,person,9
35,https://s3.amazonaws.com/deepangelai/results/person/781a6811-dd68-42c7-ab78-0e34d53e729e/original.jpg,https://s3.amazonaws.com/deepangelai/results/person/781a6811-dd68-42c7-ab78-0e34d53e729e/box/_100.jpg,person,9
36,https://s3.amazonaws.com/deepangelai/results/person/80bacb44-614c-43fc-9d52-bb3f227f2640/original.jpg,https://s3.amazonaws.com/deepangelai/results/person/80bacb44-614c-43fc-9d52-bb3f227f2640/box/_100.jpg,person,4
37,https://s3.amazonaws.com/deepangelai/results/toothbrush/834614d8-f4d8-4583-af92-212ee2c6fb4d/original.jpg,https://s3.amazonaws.com/deepangelai/results/toothbrush/834614d8-f4d8-4583-af92-212ee2c6fb4d/box/_100.jpg,toothbrush,4
38,https://s3.amazonaws.com/deepangelai/results/person/9f683314-7605-4ab4-86a7-3851f253a868/original.jpg,https://s3.amazonaws.com/deepangelai/results/person/9f683314-7605-4ab4-86a7-3851f253a868/box/_100.jpg,person,9
39,https://s3.amazonaws.com/deepangelai/results/person/d509e5df-32c4-48ac-ad7d-06bc0334fac9/original.jpg,https://s3.amazonaws.com/deepangelai/results/person/d509e5df-32c4-48ac-ad7d-06bc0334fac9/box/_100.jpg,person,3
40,https://s3.amazonaws.com/deepangelai/results/person/a4abefc9-c882-4e52-98d3-0b6024f290e0/original.jpg,https://s3.amazonaws.com/deepangelai/results/person/a4abefc9-c882-4e52-98d3-0b6024f290e0/box/_100.jpg,person,9
41,https://s3.amazonaws.com/deepangelai/results/bicycle/187a5798-d844-42cb-acb0-9c79c2478699/original.jpg,https://s3.amazonaws.com/deepangelai/results/bicycle/187a5798-d844-42cb-acb0-9c79c2478699/box/_100.jpg,bicycle,4
42,https://s3.amazonaws.com/deepangelai/results/bottle/0c88cd9f-35a5-4ad7-aa52-2d2ddbb76f11/original.jpg,https://s3.amazonaws.com/deepangelai/results/bottle/0c88cd9f-35a5-4ad7-aa52-2d2ddbb76f11/box/_100.jpg,bottle,4
43,https://s3.amazonaws.com/deepangelai/results/person/4f44d283-a8b2-4fde-93ec-1438942550fd/original.jpg,https://s3.amazonaws.com/deepangelai/results/person/4f44d283-a8b2-4fde-93ec-1438942550fd/box/_100.jpg,person,4
44,https://s3.amazonaws.com/deepangelai/results/person/c6d8ebc0-988e-43e0-a403-0d690e5cf89e/original.jpg,https://s3.amazonaws.com/deepangelai/results/person/c6d8ebc0-988e-43e0-a403-0d690e5cf89e/box/_100.jpg,person,3
45,https://s3.amazonaws.com/deepangelai/results/surfboard/5fb1080b-3698-45f9-b9d9-f36569c2f66d/original.jpg,https://s3.amazonaws.com/deepangelai/results/surfboard/5fb1080b-3698-45f9-b9d9-f36569c2f66d/box/_100.jpg,surfboard,9
46,https://s3.amazonaws.com/deepangelai/results/person/be51b739-a2c8-4fb2-b698-24b49b89b3b2/original.jpg,https://s3.amazonaws.com/deepangelai/results/person/be51b739-a2c8-4fb2-b698-24b49b89b3b2/box/_100.jpg,person,1
47,https://s3.amazonaws.com/deepangelai/results/person/790c1487-bd3c-4048-a1b9-28c9bb227aa8/original.jpg,https://s3.amazonaws.com/deepangelai/results/person/790c1487-bd3c-4048-a1b9-28c9bb227aa8/box/_100.jpg,person,2
48,https://s3.amazonaws.com/deepangelai/results/dog/ab669e58-35d0-4833-8dac-e5dcc48622f4/original.jpg,https://s3.amazonaws.com/deepangelai/results/dog/ab669e58-35d0-4833-8dac-e5dcc48622f4/box/_100.jpg,dog,2
49,https://s3.amazonaws.com/deepangelai/results/person/22e95b38-0223-4dc9-b5f6-81ee18c656b8/original.jpg,https://s3.amazonaws.com/deepangelai/results/person/22e95b38-0223-4dc9-b5f6-81ee18c656b8/box/_100.jpg,person,4
50,https://s3.amazonaws.com/deepangelai/results/cat/44122197-25c4-4205-992e-d3e94f11bcd9/original.jpg,https://s3.amazonaws.com/deepangelai/results/cat/44122197-25c4-4205-992e-d3e94f11bcd9/box/_100.jpg,cat,4
51,https://s3.amazonaws.com/deepangelai/results/person/34c67af0-abbf-4b00-a693-a0cc975c1e4d/original.jpg,https://s3.amazonaws.com/deepangelai/results/person/34c67af0-abbf-4b00-a693-a0cc975c1e4d/box/_100.jpg,person,1
52,https://s3.amazonaws.com/deepangelai/results/cat/1ce1492b-ab5f-4d6c-b065-bc4c16a68fae/original.jpg,https://s3.amazonaws.com/deepangelai/results/cat/1ce1492b-ab5f-4d6c-b065-bc4c16a68fae/box/_100.jpg,cat,9
53,https://s3.amazonaws.com/deepangelai/results/person/c8b8914b-cc21-44e0-a793-614544b0fcea/original.jpg,https://s3.amazonaws.com/deepangelai/results/person/c8b8914b-cc21-44e0-a793-614544b0fcea/box/_100.jpg,person,1
54,https://s3.amazonaws.com/deepangelai/results/person/5673acf0-9b0b-478c-b763-553912c42fe9/original.jpg,https://s3.amazonaws.com/deepangelai/results/person/5673acf0-9b0b-478c-b763-553912c42fe9/box/_100.jpg,person,1
55,https://s3.amazonaws.com/deepangelai/results/traffic%20light/5d7bc0be-2b7b-49ac-bc45-f7d228b48ec7/original.jpg,https://s3.amazonaws.com/deepangelai/results/traffic%20light/5d7bc0be-2b7b-49ac-bc45-f7d228b48ec7/box/_100.jpg,traffic%20light,9
56,https://s3.amazonaws.com/deepangelai/results/person/ad04a9c3-c3d4-498e-a2bc-5f846a6aca8e/original.jpg,https://s3.amazonaws.com/deepangelai/results/person/ad04a9c3-c3d4-498e-a2bc-5f846a6aca8e/box/_100.jpg,person,3
57,https://s3.amazonaws.com/deepangelai/results/cat/8817c0b2-8a1d-4e7c-b415-e464e8450913/original.jpg,https://s3.amazonaws.com/deepangelai/results/cat/8817c0b2-8a1d-4e7c-b415-e464e8450913/box/_100.jpg,cat,2
58,https://s3.amazonaws.com/deepangelai/results/person/a252e9ae-c73d-4a56-9f22-1d211949e727/original.jpg,https://s3.amazonaws.com/deepangelai/results/person/a252e9ae-c73d-4a56-9f22-1d211949e727/box/_100.jpg,person,1
59,https://s3.amazonaws.com/deepangelai/results/person/cf2eed7b-7638-4e98-a484-b0a8b1723b4e/original.jpg,https://s3.amazonaws.com/deepangelai/results/person/cf2eed7b-7638-4e98-a484-b0a8b1723b4e/box/_100.jpg,person,1
60,https://s3.amazonaws.com/deepangelai/results/person/1c8f2685-0849-4b99-bbe0-0cfa0f5dd546/original.jpg,https://s3.amazonaws.com/deepangelai/results/person/1c8f2685-0849-4b99-bbe0-0cfa0f5dd546/box/_100.jpg,person,3
61,https://s3.amazonaws.com/deepangelai/results/fork/b1e8c82e-32f6-4c2a-9823-c13ac02da935/original.jpg,https://s3.amazonaws.com/deepangelai/results/fork/b1e8c82e-32f6-4c2a-9823-c13ac02da935/box/_100.jpg,fork,9
62,https://s3.amazonaws.com/deepangelai/results/person/658650c8-d67c-452a-8d68-0c3313a7bdb7/original.jpg,https://s3.amazonaws.com/deepangelai/results/person/658650c8-d67c-452a-8d68-0c3313a7bdb7/box/_100.jpg,person,1
63,https://s3.amazonaws.com/deepangelai/results/person/a7cc0d5b-48cd-4ed4-9354-5e83d083170f/original.jpg,https://s3.amazonaws.com/deepangelai/results/person/a7cc0d5b-48cd-4ed4-9354-5e83d083170f/box/_100.jpg,person,4
64,https://s3.amazonaws.com/deepangelai/results/cat/5e3eb15a-6984-4297-8524-dcd99cf9e6a0/original.jpg,https://s3.amazonaws.com/deepangelai/results/cat/5e3eb15a-6984-4297-8524-dcd99cf9e6a0/box/_100.jpg,cat,9
65,https://s3.amazonaws.com/deepangelai/results/person/cd450e92-1de8-4080-badc-5223939f26d0/original.jpg,https://s3.amazonaws.com/deepangelai/results/person/cd450e92-1de8-4080-badc-5223939f26d0/box/_100.jpg,person,2
66,https://s3.amazonaws.com/deepangelai/results/person/6f99a0a4-f7e6-4470-b601-b0ac1411cacb/original.jpg,https://s3.amazonaws.com/deepangelai/results/person/6f99a0a4-f7e6-4470-b601-b0ac1411cacb/box/_100.jpg,person,2
67,https://s3.amazonaws.com/deepangelai/results/person/27f04501-472a-46dd-87f3-a9b65383d3cc/original.jpg,https://s3.amazonaws.com/deepangelai/results/person/27f04501-472a-46dd-87f3-a9b65383d3cc/box/_100.jpg,person,9
68,https://s3.amazonaws.com/deepangelai/results/person/e508d654-5ee0-45c5-8cb4-521c9f353c34/original.jpg,https://s3.amazonaws.com/deepangelai/results/person/e508d654-5ee0-45c5-8cb4-521c9f353c34/box/_100.jpg,person,3
69,https://s3.amazonaws.com/deepangelai/results/person/bb19bb62-49d1-4ce7-88f4-d6bea71d9174/original.jpg,https://s3.amazonaws.com/deepangelai/results/person/bb19bb62-49d1-4ce7-88f4-d6bea71d9174/box/_100.jpg,person,4
70,https://s3.amazonaws.com/deepangelai/results/dog/77fe2f81-af7c-4f3b-8709-6b38989ecb71/original.jpg,https://s3.amazonaws.com/deepangelai/results/dog/77fe2f81-af7c-4f3b-8709-6b38989ecb71/box/_100.jpg,dog,1
71,https://s3.amazonaws.com/deepangelai/results/person/b2082047-b20a-4d8e-adba-5732f3b178f5/original.jpg,https://s3.amazonaws.com/deepangelai/results/person/b2082047-b20a-4d8e-adba-5732f3b178f5/box/_100.jpg,person,4
72,https://s3.amazonaws.com/deepangelai/results/person/3b2da2ba-a912-46ab-8bed-b63d244d132c/original.jpg,https://s3.amazonaws.com/deepangelai/results/person/3b2da2ba-a912-46ab-8bed-b63d244d132c/box/_100.jpg,person,5
73,https://s3.amazonaws.com/deepangelai/results/person/23dc2734-619d-4269-8868-e69d2bc46099/original.jpg,https://s3.amazonaws.com/deepangelai/results/person/23dc2734-619d-4269-8868-e69d2bc46099/box/_100.jpg,person,5
74,https://s3.amazonaws.com/deepangelai/results/cat/1779ba18-9a49-4e22-b3ad-96ae4158a605/original.jpg,https://s3.amazonaws.com/deepangelai/results/cat/1779ba18-9a49-4e22-b3ad-96ae4158a605/box/_100.jpg,cat,5
75,https://s3.amazonaws.com/deepangelai/results/wine%20glass/8833cc31-ee5a-463f-9698-a160fb6bc871/original.jpg,https://s3.amazonaws.com/deepangelai/results/wine%20glass/8833cc31-ee5a-463f-9698-a160fb6bc871/box/_100.jpg,wine%20glass,9
76,https://s3.amazonaws.com/deepangelai/results/person/2ac1112f-3690-4da1-802a-bb0343439660/original.jpg,https://s3.amazonaws.com/deepangelai/results/person/2ac1112f-3690-4da1-802a-bb0343439660/box/_100.jpg,person,4
77,https://s3.amazonaws.com/deepangelai/results/airplane/f584bf79-c75f-4181-81d8-3641fff6d82e/original.jpg,https://s3.amazonaws.com/deepangelai/results/airplane/f584bf79-c75f-4181-81d8-3641fff6d82e/box/_100.jpg,airplane,1
78,https://s3.amazonaws.com/deepangelai/results/tie/e0ae266f-9892-4d97-aafc-1701dd7505be/original.jpg,https://s3.amazonaws.com/deepangelai/results/tie/e0ae266f-9892-4d97-aafc-1701dd7505be/box/_100.jpg,tie,9
79,https://s3.amazonaws.com/deepangelai/results/person/acc4e63c-7966-4159-a0e9-761b262d418c/original.jpg,https://s3.amazonaws.com/deepangelai/results/person/acc4e63c-7966-4159-a0e9-761b262d418c/box/_100.jpg,person,1
80,https://s3.amazonaws.com/deepangelai/results/cat/88a1fa9e-8348-42d0-bf29-edbd0bb5d82c/original.jpg,https://s3.amazonaws.com/deepangelai/results/cat/88a1fa9e-8348-42d0-bf29-edbd0bb5d82c/box/_100.jpg,cat,5
81,https://s3.amazonaws.com/deepangelai/results/boat/e7db8c4e-ed92-4455-a3dd-a393c6ed4893/original.jpg,https://s3.amazonaws.com/deepangelai/results/boat/e7db8c4e-ed92-4455-a3dd-a393c6ed4893/box/_100.jpg,boat,1
82,https://s3.amazonaws.com/deepangelai/results/person/e7baa4b6-0e52-42eb-8f58-f3d1e347dccb/original.jpg,https://s3.amazonaws.com/deepangelai/results/person/e7baa4b6-0e52-42eb-8f58-f3d1e347dccb/box/_100.jpg,person,2
83,https://s3.amazonaws.com/deepangelai/results/cat/c1fc33b5-1ddc-402f-9fdf-b33f53c7daba/original.jpg,https://s3.amazonaws.com/deepangelai/results/cat/c1fc33b5-1ddc-402f-9fdf-b33f53c7daba/box/_100.jpg,cat,4
84,https://s3.amazonaws.com/deepangelai/results/person/f30fd515-17b5-47e0-ba3a-bc82b407ac6c/original.jpg,https://s3.amazonaws.com/deepangelai/results/person/f30fd515-17b5-47e0-ba3a-bc82b407ac6c/box/_100.jpg,person,2
85,https://s3.amazonaws.com/deepangelai/results/person/fc457c9f-dfdc-4163-9e2e-9a58f6838488/original.jpg,https://s3.amazonaws.com/deepangelai/results/person/fc457c9f-dfdc-4163-9e2e-9a58f6838488/box/_100.jpg,person,5
86,https://s3.amazonaws.com/deepangelai/results/traffic%20light/9c192d9d-7dc0-4539-81ff-85d29887b6b2/original.jpg,https://s3.amazonaws.com/deepangelai/results/traffic%20light/9c192d9d-7dc0-4539-81ff-85d29887b6b2/box/_100.jpg,traffic%20light,4
87,https://s3.amazonaws.com/deepangelai/results/person/5027792f-bf6e-4da3-8d7a-afca4874701b/original.jpg,https://s3.amazonaws.com/deepangelai/results/person/5027792f-bf6e-4da3-8d7a-afca4874701b/box/_100.jpg,person,2
88,https://s3.amazonaws.com/deepangelai/results/person/039448c3-6f31-477e-96ee-abfdd1d02fd9/original.jpg,https://s3.amazonaws.com/deepangelai/results/person/039448c3-6f31-477e-96ee-abfdd1d02fd9/box/_100.jpg,person,4
89,https://s3.amazonaws.com/deepangelai/results/car/9427561e-ab4e-4149-8ce1-fa747f012f1e/original.jpg,https://s3.amazonaws.com/deepangelai/results/car/9427561e-ab4e-4149-8ce1-fa747f012f1e/box/_100.jpg,car,9
90,https://s3.amazonaws.com/deepangelai/results/boat/1116dafc-a97f-42b8-a7f6-d9afca7845af/original.jpg,https://s3.amazonaws.com/deepangelai/results/boat/1116dafc-a97f-42b8-a7f6-d9afca7845af/box/_100.jpg,boat,3
91,https://s3.amazonaws.com/deepangelai/results/person/a87f36ad-a989-4cba-96de-57b1a09c92c7/original.jpg,https://s3.amazonaws.com/deepangelai/results/person/a87f36ad-a989-4cba-96de-57b1a09c92c7/box/_100.jpg,person,2
92,https://s3.amazonaws.com/deepangelai/results/person/66875de0-33ca-46bb-9c86-a51900bec97e/original.jpg,https://s3.amazonaws.com/deepangelai/results/person/66875de0-33ca-46bb-9c86-a51900bec97e/box/_100.jpg,person,3
93,https://s3.amazonaws.com/deepangelai/results/person/55dae7ea-16bd-4145-b35f-9ec9a662137b/original.jpg,https://s3.amazonaws.com/deepangelai/results/person/55dae7ea-16bd-4145-b35f-9ec9a662137b/box/_100.jpg,person,4
94,https://s3.amazonaws.com/deepangelai/results/person/21fc5c8d-fc40-4c84-9106-5bb8bba274fa/original.jpg,https://s3.amazonaws.com/deepangelai/results/person/21fc5c8d-fc40-4c84-9106-5bb8bba274fa/box/_100.jpg,person,3
95,https://s3.amazonaws.com/deepangelai/results/person/93602517-3594-463d-867d-2f34d48bcb32/original.jpg,https://s3.amazonaws.com/deepangelai/results/person/93602517-3594-463d-867d-2f34d48bcb32/box/_100.jpg,person,3
96,https://s3.amazonaws.com/deepangelai/results/person/7c671b29-6868-4ef8-a091-70718df2412f/original.jpg,https://s3.amazonaws.com/deepangelai/results/person/7c671b29-6868-4ef8-a091-70718df2412f/box/_100.jpg,person,5
97,https://s3.amazonaws.com/deepangelai/results/handbag/e1e573d9-5bb7-4efc-a9b5-858233d91995/original.jpg,https://s3.amazonaws.com/deepangelai/results/handbag/e1e573d9-5bb7-4efc-a9b5-858233d91995/box/_100.jpg,handbag,9
98,https://s3.amazonaws.com/deepangelai/results/person/57f48029-f13e-434f-8711-a35bc59ea6c9/original.jpg,https://s3.amazonaws.com/deepangelai/results/person/57f48029-f13e-434f-8711-a35bc59ea6c9/box/_100.jpg,person,4
99,https://s3.amazonaws.com/deepangelai/results/cat/a499ca1b-1f28-4fcd-8a6a-c8eae6cf1b79/original.jpg,https://s3.amazonaws.com/deepangelai/results/cat/a499ca1b-1f28-4fcd-8a6a-c8eae6cf1b79/box/_100.jpg,cat,4
100,https://s3.amazonaws.com/deepangelai/results/person/aa06210b-8b0f-4e4c-8c41-2e1c16909fc7/original.jpg,https://s3.amazonaws.com/deepangelai/results/person/aa06210b-8b0f-4e4c-8c41-2e1c16909fc7/box/_100.jpg,person,4
101,https://s3.amazonaws.com/deepangelai/results/sports%20ball/47e2223c-4010-4cf8-8669-b6e46b658d9d/original.jpg,https://s3.amazonaws.com/deepangelai/results/sports%20ball/47e2223c-4010-4cf8-8669-b6e46b658d9d/box/_100.jpg,sports%20ball,1
102,https://s3.amazonaws.com/deepangelai/results/person/8902d062-132e-4560-b281-ad7d9cc97114/original.jpg,https://s3.amazonaws.com/deepangelai/results/person/8902d062-132e-4560-b281-ad7d9cc97114/box/_100.jpg,person,1
103,https://s3.amazonaws.com/deepangelai/results/person/6e1e7560-cecb-460f-95e7-11d3fcf81020/original.jpg,https://s3.amazonaws.com/deepangelai/results/person/6e1e7560-cecb-460f-95e7-11d3fcf81020/box/_100.jpg,person,4
104,https://s3.amazonaws.com/deepangelai/results/person/878d4d94-c6c5-4595-bc30-e608017120c5/original.jpg,https://s3.amazonaws.com/deepangelai/results/person/878d4d94-c6c5-4595-bc30-e608017120c5/box/_100.jpg,person,3
105,https://s3.amazonaws.com/deepangelai/results/person/b8843395-2888-43d4-a2ef-3de0f9f79f0f/original.jpg,https://s3.amazonaws.com/deepangelai/results/person/b8843395-2888-43d4-a2ef-3de0f9f79f0f/box/_100.jpg,person,3
106,https://s3.amazonaws.com/deepangelai/results/bicycle/7e5c09df-4252-4f7e-8855-544269a84d3e/original.jpg,https://s3.amazonaws.com/deepangelai/results/bicycle/7e5c09df-4252-4f7e-8855-544269a84d3e/box/_100.jpg,bicycle,9
107,https://s3.amazonaws.com/deepangelai/results/car/3adf3637-1845-4ffc-be10-8e6552205129/original.jpg,https://s3.amazonaws.com/deepangelai/results/car/3adf3637-1845-4ffc-be10-8e6552205129/box/_100.jpg,car,3
108,https://s3.amazonaws.com/deepangelai/results/person/73995528-c325-4af9-9b22-05bdf921da48/original.jpg,https://s3.amazonaws.com/deepangelai/results/person/73995528-c325-4af9-9b22-05bdf921da48/box/_100.jpg,person,4
109,https://s3.amazonaws.com/deepangelai/results/person/254bdaaa-0150-4265-8625-34d35d5ad733/original.jpg,https://s3.amazonaws.com/deepangelai/results/person/254bdaaa-0150-4265-8625-34d35d5ad733/box/_100.jpg,person,1
110,https://s3.amazonaws.com/deepangelai/results/cat/29fb07e2-f72c-49bf-9892-0c7e9607e191/original.jpg,https://s3.amazonaws.com/deepangelai/results/cat/29fb07e2-f72c-49bf-9892-0c7e9607e191/box/_100.jpg,cat,1
111,https://s3.amazonaws.com/deepangelai/results/car/c427a794-d9b9-4d78-af21-12e75538cdde/original.jpg,https://s3.amazonaws.com/deepangelai/results/car/c427a794-d9b9-4d78-af21-12e75538cdde/box/_100.jpg,car,1
112,https://s3.amazonaws.com/deepangelai/results/person/37a5b138-8690-4d95-bd37-f2de7d83d6d0/original.jpg,https://s3.amazonaws.com/deepangelai/results/person/37a5b138-8690-4d95-bd37-f2de7d83d6d0/box/_100.jpg,person,3
113,https://s3.amazonaws.com/deepangelai/results/tennis%20racket/c9bffc51-f801-419b-9983-c35b96fbc216/original.jpg,https://s3.amazonaws.com/deepangelai/results/tennis%20racket/c9bffc51-f801-419b-9983-c35b96fbc216/box/_100.jpg,tennis%20racket,4
114,https://s3.amazonaws.com/deepangelai/results/person/5f1dc78d-da82-4365-a78f-acc0365c5bcb/original.jpg,https://s3.amazonaws.com/deepangelai/results/person/5f1dc78d-da82-4365-a78f-acc0365c5bcb/box/_100.jpg,person,4
115,https://s3.amazonaws.com/deepangelai/results/person/53ef028b-4eef-4d1d-b5ca-aee6ceeb4d78/original.jpg,https://s3.amazonaws.com/deepangelai/results/person/53ef028b-4eef-4d1d-b5ca-aee6ceeb4d78/box/_100.jpg,person,3
116,https://s3.amazonaws.com/deepangelai/results/cat/44614380-2cb5-4f0a-9c06-6536d5e95883/original.jpg,https://s3.amazonaws.com/deepangelai/results/cat/44614380-2cb5-4f0a-9c06-6536d5e95883/box/_100.jpg,cat,1
117,https://s3.amazonaws.com/deepangelai/results/cat/aba01be2-a385-4da1-94d5-4a0cf5387dbf/original.jpg,https://s3.amazonaws.com/deepangelai/results/cat/aba01be2-a385-4da1-94d5-4a0cf5387dbf/box/_100.jpg,cat,1
118,https://s3.amazonaws.com/deepangelai/results/person/83ecad54-094b-4ce8-b36a-6223bb8d2f9a/original.jpg,https://s3.amazonaws.com/deepangelai/results/person/83ecad54-094b-4ce8-b36a-6223bb8d2f9a/box/_100.jpg,person,3
119,https://s3.amazonaws.com/deepangelai/results/elephant/73e6e1df-26ad-41c8-8f9b-9ebf8b875a63/original.jpg,https://s3.amazonaws.com/deepangelai/results/elephant/73e6e1df-26ad-41c8-8f9b-9ebf8b875a63/box/_100.jpg,elephant,1
120,https://s3.amazonaws.com/deepangelai/results/person/d90bcc4c-e0c9-4641-a431-a73022d0d206/original.jpg,https://s3.amazonaws.com/deepangelai/results/person/d90bcc4c-e0c9-4641-a431-a73022d0d206/box/_100.jpg,person,4
121,https://s3.amazonaws.com/deepangelai/results/person/58298b87-985c-4eab-acdb-07551f8c0161/original.jpg,https://s3.amazonaws.com/deepangelai/results/person/58298b87-985c-4eab-acdb-07551f8c0161/box/_100.jpg,person,4
122,https://s3.amazonaws.com/deepangelai/results/sports%20ball/3c6743d1-1555-4910-a427-c2bcda1b7f12/original.jpg,https://s3.amazonaws.com/deepangelai/results/sports%20ball/3c6743d1-1555-4910-a427-c2bcda1b7f12/box/_100.jpg,sports%20ball,1
123,https://s3.amazonaws.com/deepangelai/results/person/77fb9718-a23b-45dd-a416-2ccc27cecdaf/original.jpg,https://s3.amazonaws.com/deepangelai/results/person/77fb9718-a23b-45dd-a416-2ccc27cecdaf/box/_100.jpg,person,4
124,https://s3.amazonaws.com/deepangelai/results/person/2ab714d3-e30e-4294-9129-463dbad02799/original.jpg,https://s3.amazonaws.com/deepangelai/results/person/2ab714d3-e30e-4294-9129-463dbad02799/box/_100.jpg,person,3
125,https://s3.amazonaws.com/deepangelai/results/person/492e3d29-ae23-42cd-9572-4e3298eee73a/original.jpg,https://s3.amazonaws.com/deepangelai/results/person/492e3d29-ae23-42cd-9572-4e3298eee73a/box/_100.jpg,person,4
126,https://s3.amazonaws.com/deepangelai/results/person/169fab32-46ae-4ac3-9f95-d57f8cb3c6f2/original.jpg,https://s3.amazonaws.com/deepangelai/results/person/169fab32-46ae-4ac3-9f95-d57f8cb3c6f2/box/_100.jpg,person,1
127,https://s3.amazonaws.com/deepangelai/results/person/59bce1e7-6243-4029-ae89-6fd9957f74e5/original.jpg,https://s3.amazonaws.com/deepangelai/results/person/59bce1e7-6243-4029-ae89-6fd9957f74e5/box/_100.jpg,person,1
128,https://s3.amazonaws.com/deepangelai/results/person/d5fefd18-c71f-4f5b-b8aa-1cbbeb390920/original.jpg,https://s3.amazonaws.com/deepangelai/results/person/d5fefd18-c71f-4f5b-b8aa-1cbbeb390920/box/_100.jpg,person,2
129,https://s3.amazonaws.com/deepangelai/results/person/ceaf82b0-bcef-49c7-b845-09105083711a/original.jpg,https://s3.amazonaws.com/deepangelai/results/person/ceaf82b0-bcef-49c7-b845-09105083711a/box/_100.jpg,person,3
130,https://s3.amazonaws.com/deepangelai/results/cat/3aa2c556-1dbe-48dc-817e-96556f35b95e/original.jpg,https://s3.amazonaws.com/deepangelai/results/cat/3aa2c556-1dbe-48dc-817e-96556f35b95e/box/_100.jpg,cat,4
131,https://s3.amazonaws.com/deepangelai/results/car/b8aaa9c7-7e14-442f-b1dd-62b775598610/original.jpg,https://s3.amazonaws.com/deepangelai/results/car/b8aaa9c7-7e14-442f-b1dd-62b775598610/box/_100.jpg,car,4
132,https://s3.amazonaws.com/deepangelai/results/dog/228a7b38-501e-4d7c-b56b-c02591474bbb/original.jpg,https://s3.amazonaws.com/deepangelai/results/dog/228a7b38-501e-4d7c-b56b-c02591474bbb/box/_100.jpg,dog,2
133,https://s3.amazonaws.com/deepangelai/results/stop%20sign/8844fccf-f4f5-497a-9e08-16d71137a8d4/original.jpg,https://s3.amazonaws.com/deepangelai/results/stop%20sign/8844fccf-f4f5-497a-9e08-16d71137a8d4/box/_100.jpg,stop%20sign,4
134,https://s3.amazonaws.com/deepangelai/results/cat/1b9b50a0-49a3-4aad-a426-fb3ff4081424/original.jpg,https://s3.amazonaws.com/deepangelai/results/cat/1b9b50a0-49a3-4aad-a426-fb3ff4081424/box/_100.jpg,cat,4
135,https://s3.amazonaws.com/deepangelai/results/person/61bb1348-2c92-4fef-8337-b1e832d4b27b/original.jpg,https://s3.amazonaws.com/deepangelai/results/person/61bb1348-2c92-4fef-8337-b1e832d4b27b/box/_100.jpg,person,3
136,https://s3.amazonaws.com/deepangelai/results/person/ddc7f326-7849-4096-af34-288f00cede91/original.jpg,https://s3.amazonaws.com/deepangelai/results/person/ddc7f326-7849-4096-af34-288f00cede91/box/_100.jpg,person,1
137,https://s3.amazonaws.com/deepangelai/results/dog/eeddcb0c-8dbb-4f6e-9681-f9fa565fb8fe/original.jpg,https://s3.amazonaws.com/deepangelai/results/dog/eeddcb0c-8dbb-4f6e-9681-f9fa565fb8fe/box/_100.jpg,dog,1
138,https://s3.amazonaws.com/deepangelai/results/car/9d472978-2b7d-4000-b94a-c00425df0342/original.jpg,https://s3.amazonaws.com/deepangelai/results/car/9d472978-2b7d-4000-b94a-c00425df0342/box/_100.jpg,car,5
139,https://s3.amazonaws.com/deepangelai/results/snowboard/220d6fa9-6632-48c1-a14f-c46e47aac4a6/original.jpg,https://s3.amazonaws.com/deepangelai/results/snowboard/220d6fa9-6632-48c1-a14f-c46e47aac4a6/box/_100.jpg,snowboard,3
140,https://s3.amazonaws.com/deepangelai/results/person/120acf15-3216-4c12-8066-0df6854f6707/original.jpg,https://s3.amazonaws.com/deepangelai/results/person/120acf15-3216-4c12-8066-0df6854f6707/box/_100.jpg,person,3
141,https://s3.amazonaws.com/deepangelai/results/boat/b6a81438-fc96-43cf-b415-3d8920b22892/original.jpg,https://s3.amazonaws.com/deepangelai/results/boat/b6a81438-fc96-43cf-b415-3d8920b22892/box/_100.jpg,boat,9
142,https://s3.amazonaws.com/deepangelai/results/backpack/15b0dd25-7757-4119-9562-78fb69a53838/original.jpg,https://s3.amazonaws.com/deepangelai/results/backpack/15b0dd25-7757-4119-9562-78fb69a53838/box/_100.jpg,backpack,4
143,https://s3.amazonaws.com/deepangelai/results/person/64aaf661-847f-42b6-901b-e1c119423063/original.jpg,https://s3.amazonaws.com/deepangelai/results/person/64aaf661-847f-42b6-901b-e1c119423063/box/_100.jpg,person,3
144,https://s3.amazonaws.com/deepangelai/results/dog/502cabbf-6045-4bf2-bdf2-25f7b3690607/original.jpg,https://s3.amazonaws.com/deepangelai/results/dog/502cabbf-6045-4bf2-bdf2-25f7b3690607/box/_100.jpg,dog,9
145,https://s3.amazonaws.com/deepangelai/results/person/dd389717-d018-4676-973f-2e22d407b789/original.jpg,https://s3.amazonaws.com/deepangelai/results/person/dd389717-d018-4676-973f-2e22d407b789/box/_100.jpg,person,4
146,https://s3.amazonaws.com/deepangelai/results/person/2dc6b815-7cc0-4b81-8160-6e88ca8b6f91/original.jpg,https://s3.amazonaws.com/deepangelai/results/person/2dc6b815-7cc0-4b81-8160-6e88ca8b6f91/box/_100.jpg,person,4
147,https://s3.amazonaws.com/deepangelai/results/person/d26811ee-ce45-485f-9179-b4d5b759325f/original.jpg,https://s3.amazonaws.com/deepangelai/results/person/d26811ee-ce45-485f-9179-b4d5b759325f/box/_100.jpg,person,3
148,https://s3.amazonaws.com/deepangelai/results/person/49e99fdb-1a9d-47d3-a03d-7c60cb9533c7/original.jpg,https://s3.amazonaws.com/deepangelai/results/person/49e99fdb-1a9d-47d3-a03d-7c60cb9533c7/box/_100.jpg,person,5
149,https://s3.amazonaws.com/deepangelai/results/person/fc1573c4-7a74-46d8-9a31-d9fdb3a0e301/original.jpg,https://s3.amazonaws.com/deepangelai/results/person/fc1573c4-7a74-46d8-9a31-d9fdb3a0e301/box/_100.jpg,person,4
150,https://s3.amazonaws.com/deepangelai/results/dog/56e62bf8-d9a2-4e00-bfff-e39709eb786f/original.jpg,https://s3.amazonaws.com/deepangelai/results/dog/56e62bf8-d9a2-4e00-bfff-e39709eb786f/box/_100.jpg,dog,3
151,https://s3.amazonaws.com/deepangelai/results/person/97300fb6-48c0-432e-8247-8319daea5a0e/original.jpg,https://s3.amazonaws.com/deepangelai/results/person/97300fb6-48c0-432e-8247-8319daea5a0e/box/_100.jpg,person,3
152,https://s3.amazonaws.com/deepangelai/results/person/985ec234-2944-4868-8bd3-54fc13888ba6/original.jpg,https://s3.amazonaws.com/deepangelai/results/person/985ec234-2944-4868-8bd3-54fc13888ba6/box/_100.jpg,person,4
153,https://s3.amazonaws.com/deepangelai/results/car/8ef8d28b-b839-42dc-8978-e4b60fe2dfc2/original.jpg,https://s3.amazonaws.com/deepangelai/results/car/8ef8d28b-b839-42dc-8978-e4b60fe2dfc2/box/_100.jpg,car,4
154,https://s3.amazonaws.com/deepangelai/results/person/150cd242-41f4-4572-8520-f525c8ce2de6/original.jpg,https://s3.amazonaws.com/deepangelai/results/person/150cd242-41f4-4572-8520-f525c8ce2de6/box/_100.jpg,person,4
155,https://s3.amazonaws.com/deepangelai/results/cat/d6d5ccae-8edc-4635-85a3-5169e1fa2844/original.jpg,https://s3.amazonaws.com/deepangelai/results/cat/d6d5ccae-8edc-4635-85a3-5169e1fa2844/box/_100.jpg,cat,5
156,https://s3.amazonaws.com/deepangelai/results/person/eec6672f-1d99-4791-8029-547c53b2e10e/original.jpg,https://s3.amazonaws.com/deepangelai/results/person/eec6672f-1d99-4791-8029-547c53b2e10e/box/_100.jpg,person,4
157,https://s3.amazonaws.com/deepangelai/results/person/5d0e1bac-a8f0-4a8b-b82a-c9b7a6c0f529/original.jpg,https://s3.amazonaws.com/deepangelai/results/person/5d0e1bac-a8f0-4a8b-b82a-c9b7a6c0f529/box/_100.jpg,person,1
158,https://s3.amazonaws.com/deepangelai/results/person/0bb17dab-627e-4f8d-a94f-d3892541ade9/original.jpg,https://s3.amazonaws.com/deepangelai/results/person/0bb17dab-627e-4f8d-a94f-d3892541ade9/box/_100.jpg,person,3
159,https://s3.amazonaws.com/deepangelai/results/person/c7d4c6ab-40fa-4e1b-bfa0-cb8395351ec4/original.jpg,https://s3.amazonaws.com/deepangelai/results/person/c7d4c6ab-40fa-4e1b-bfa0-cb8395351ec4/box/_100.jpg,person,5
160,https://s3.amazonaws.com/deepangelai/results/elephant/7503e3f4-0c1f-4d85-904c-d3116a42dbf8/original.jpg,https://s3.amazonaws.com/deepangelai/results/elephant/7503e3f4-0c1f-4d85-904c-d3116a42dbf8/box/_100.jpg,elephant,2
161,https://s3.amazonaws.com/deepangelai/results/dog/e9ef1447-7507-4864-9345-29b672162a2d/original.jpg,https://s3.amazonaws.com/deepangelai/results/dog/e9ef1447-7507-4864-9345-29b672162a2d/box/_100.jpg,dog,2
162,https://s3.amazonaws.com/deepangelai/results/person/9c0ca361-3ea5-43ae-bee1-9c3a031f11f3/original.jpg,https://s3.amazonaws.com/deepangelai/results/person/9c0ca361-3ea5-43ae-bee1-9c3a031f11f3/box/_100.jpg,person,4
163,https://s3.amazonaws.com/deepangelai/results/person/1f58ed72-9098-404e-9feb-c731e705145e/original.jpg,https://s3.amazonaws.com/deepangelai/results/person/1f58ed72-9098-404e-9feb-c731e705145e/box/_100.jpg,person,5
164,https://s3.amazonaws.com/deepangelai/results/clock/390d425c-ac0c-4fa6-89c5-23fe18f95462/original.jpg,https://s3.amazonaws.com/deepangelai/results/clock/390d425c-ac0c-4fa6-89c5-23fe18f95462/box/_100.jpg,clock,2
165,https://s3.amazonaws.com/deepangelai/results/person/db9c90db-52d9-4229-8ad3-ef0f02195d73/original.jpg,https://s3.amazonaws.com/deepangelai/results/person/db9c90db-52d9-4229-8ad3-ef0f02195d73/box/_100.jpg,person,4
166,https://s3.amazonaws.com/deepangelai/results/person/78ede701-a9c7-49fd-8900-fb86f38108c0/original.jpg,https://s3.amazonaws.com/deepangelai/results/person/78ede701-a9c7-49fd-8900-fb86f38108c0/box/_100.jpg,person,4
167,https://s3.amazonaws.com/deepangelai/results/boat/1bbe9912-a735-4406-b350-4c77b1b0e0f2/original.jpg,https://s3.amazonaws.com/deepangelai/results/boat/1bbe9912-a735-4406-b350-4c77b1b0e0f2/box/_100.jpg,boat,1
168,https://s3.amazonaws.com/deepangelai/results/person/283a4cc3-bbf7-4cbb-a1c1-6659a544ac81/original.jpg,https://s3.amazonaws.com/deepangelai/results/person/283a4cc3-bbf7-4cbb-a1c1-6659a544ac81/box/_100.jpg,person,4
169,https://s3.amazonaws.com/deepangelai/results/person/9570c1e5-c643-4afe-bfc5-158ef49c92ee/original.jpg,https://s3.amazonaws.com/deepangelai/results/person/9570c1e5-c643-4afe-bfc5-158ef49c92ee/box/_100.jpg,person,3
170,https://s3.amazonaws.com/deepangelai/results/cell%20phone/e3093934-109d-44d7-9550-c36889703299/original.jpg,https://s3.amazonaws.com/deepangelai/results/cell%20phone/e3093934-109d-44d7-9550-c36889703299/box/_100.jpg,cell%20phone,4
171,https://s3.amazonaws.com/deepangelai/results/person/72050a10-6011-4121-b7e0-49febb3efed3/original.jpg,https://s3.amazonaws.com/deepangelai/results/person/72050a10-6011-4121-b7e0-49febb3efed3/box/_100.jpg,person,2
172,https://s3.amazonaws.com/deepangelai/results/person/f55269c4-1784-4a86-9137-68d4571d2b0a/original.jpg,https://s3.amazonaws.com/deepangelai/results/person/f55269c4-1784-4a86-9137-68d4571d2b0a/box/_100.jpg,person,3
173,https://s3.amazonaws.com/deepangelai/results/person/71d883ef-9c1f-454e-9ef4-5ccbc1c6616f/original.jpg,https://s3.amazonaws.com/deepangelai/results/person/71d883ef-9c1f-454e-9ef4-5ccbc1c6616f/box/_100.jpg,person,4
174,https://s3.amazonaws.com/deepangelai/results/person/4c6c5ad8-55a7-4a7b-af21-f214c2b161a8/original.jpg,https://s3.amazonaws.com/deepangelai/results/person/4c6c5ad8-55a7-4a7b-af21-f214c2b161a8/box/_100.jpg,person,4
175,https://s3.amazonaws.com/deepangelai/results/person/3997b8f7-9374-48a2-9578-f941ccf143d2/original.jpg,https://s3.amazonaws.com/deepangelai/results/person/3997b8f7-9374-48a2-9578-f941ccf143d2/box/_100.jpg,person,3
176,https://s3.amazonaws.com/deepangelai/results/person/8db83d05-cd38-4681-b981-62a10f415402/original.jpg,https://s3.amazonaws.com/deepangelai/results/person/8db83d05-cd38-4681-b981-62a10f415402/box/_100.jpg,person,1
177,https://s3.amazonaws.com/deepangelai/results/cat/62f15ffb-db6a-475b-a860-69551737da33/original.jpg,https://s3.amazonaws.com/deepangelai/results/cat/62f15ffb-db6a-475b-a860-69551737da33/box/_100.jpg,cat,3
178,https://s3.amazonaws.com/deepangelai/results/person/d3c0b262-d46d-4c1b-a5f1-e9587503f2b3/original.jpg,https://s3.amazonaws.com/deepangelai/results/person/d3c0b262-d46d-4c1b-a5f1-e9587503f2b3/box/_100.jpg,person,4
179,https://s3.amazonaws.com/deepangelai/results/person/35c208bd-6207-4fda-86a5-c43e7a705340/original.jpg,https://s3.amazonaws.com/deepangelai/results/person/35c208bd-6207-4fda-86a5-c43e7a705340/box/_100.jpg,person,4
180,https://s3.amazonaws.com/deepangelai/results/person/9910f0f6-4ada-4b65-8baa-c3dafd300733/original.jpg,https://s3.amazonaws.com/deepangelai/results/person/9910f0f6-4ada-4b65-8baa-c3dafd300733/box/_100.jpg,person,5
181,https://s3.amazonaws.com/deepangelai/results/person/735bc380-54ed-450e-8701-cc800bf12053/original.jpg,https://s3.amazonaws.com/deepangelai/results/person/735bc380-54ed-450e-8701-cc800bf12053/box/_100.jpg,person,4
182,https://s3.amazonaws.com/deepangelai/results/person/39ae74f1-a337-42c5-9e57-5b20f67df067/original.jpg,https://s3.amazonaws.com/deepangelai/results/person/39ae74f1-a337-42c5-9e57-5b20f67df067/box/_100.jpg,person,1
183,https://s3.amazonaws.com/deepangelai/results/car/a543f981-e018-4649-922b-ccf609263d12/original.jpg,https://s3.amazonaws.com/deepangelai/results/car/a543f981-e018-4649-922b-ccf609263d12/box/_100.jpg,car,3
184,https://s3.amazonaws.com/deepangelai/results/bear/49c0839c-79a2-4184-9705-b204950e7141/original.jpg,https://s3.amazonaws.com/deepangelai/results/bear/49c0839c-79a2-4184-9705-b204950e7141/box/_100.jpg,bear,1
185,https://s3.amazonaws.com/deepangelai/results/person/02389751-7127-4197-b856-17386221ac2e/original.jpg,https://s3.amazonaws.com/deepangelai/results/person/02389751-7127-4197-b856-17386221ac2e/box/_100.jpg,person,4
186,https://s3.amazonaws.com/deepangelai/results/dog/f74bfe50-bc71-432b-a264-3a5687a58842/original.jpg,https://s3.amazonaws.com/deepangelai/results/dog/f74bfe50-bc71-432b-a264-3a5687a58842/box/_100.jpg,dog,1
187,https://s3.amazonaws.com/deepangelai/results/dog/7db8d573-8419-425e-8b5e-0d163df33e69/original.jpg,https://s3.amazonaws.com/deepangelai/results/dog/7db8d573-8419-425e-8b5e-0d163df33e69/box/_100.jpg,dog,3
188,https://s3.amazonaws.com/deepangelai/results/cat/426ccf0a-bf60-4972-a2ae-e1fb9a524b5a/original.jpg,https://s3.amazonaws.com/deepangelai/results/cat/426ccf0a-bf60-4972-a2ae-e1fb9a524b5a/box/_100.jpg,cat,2
189,https://s3.amazonaws.com/deepangelai/results/person/b4d17fad-e575-463f-85ad-b48f0ef50c96/original.jpg,https://s3.amazonaws.com/deepangelai/results/person/b4d17fad-e575-463f-85ad-b48f0ef50c96/box/_100.jpg,person,4
190,https://s3.amazonaws.com/deepangelai/results/person/006baae2-8251-47ca-9885-374fd9120946/original.jpg,https://s3.amazonaws.com/deepangelai/results/person/006baae2-8251-47ca-9885-374fd9120946/box/_100.jpg,person,3
191,https://s3.amazonaws.com/deepangelai/results/cat/b5e6ac78-1a83-405c-9cb6-f49cc7894ca3/original.jpg,https://s3.amazonaws.com/deepangelai/results/cat/b5e6ac78-1a83-405c-9cb6-f49cc7894ca3/box/_100.jpg,cat,4
192,https://s3.amazonaws.com/deepangelai/results/person/788e93db-bc9d-44dd-935e-56de3e1419c6/original.jpg,https://s3.amazonaws.com/deepangelai/results/person/788e93db-bc9d-44dd-935e-56de3e1419c6/box/_100.jpg,person,4
193,https://s3.amazonaws.com/deepangelai/results/person/35deee60-d32a-4c76-8ce7-d023c1a8bbad/original.jpg,https://s3.amazonaws.com/deepangelai/results/person/35deee60-d32a-4c76-8ce7-d023c1a8bbad/box/_100.jpg,person,5
194,https://s3.amazonaws.com/deepangelai/results/person/a444cc14-89c2-4b5d-86d1-63d6b6065b51/original.jpg,https://s3.amazonaws.com/deepangelai/results/person/a444cc14-89c2-4b5d-86d1-63d6b6065b51/box/_100.jpg,person,4
195,https://s3.amazonaws.com/deepangelai/results/cat/2750de4f-02a3-4acc-aefa-e8d25c1140b9/original.jpg,https://s3.amazonaws.com/deepangelai/results/cat/2750de4f-02a3-4acc-aefa-e8d25c1140b9/box/_100.jpg,cat,5
196,https://s3.amazonaws.com/deepangelai/results/person/d5c6d1ad-e88e-484e-8109-fb1a723f59a9/original.jpg,https://s3.amazonaws.com/deepangelai/results/person/d5c6d1ad-e88e-484e-8109-fb1a723f59a9/box/_100.jpg,person,5
197,https://s3.amazonaws.com/deepangelai/results/person/4b1a534d-7126-425f-80c8-de144d19f913/original.jpg,https://s3.amazonaws.com/deepangelai/results/person/4b1a534d-7126-425f-80c8-de144d19f913/box/_100.jpg,person,4
198,https://s3.amazonaws.com/deepangelai/results/person/571b3511-bed0-42b5-8c8e-1e48d9a87466/original.jpg,https://s3.amazonaws.com/deepangelai/results/person/571b3511-bed0-42b5-8c8e-1e48d9a87466/box/_100.jpg,person,4
199,https://s3.amazonaws.com/deepangelai/results/dog/4744e9e1-a7cb-4413-a308-deb5003ffda1/original.jpg,https://s3.amazonaws.com/deepangelai/results/dog/4744e9e1-a7cb-4413-a308-deb5003ffda1/box/_100.jpg,dog,4
200,https://s3.amazonaws.com/deepangelai/results/surfboard/89e1b5a8-4ae4-43ec-8515-0abb43b61474/original.jpg,https://s3.amazonaws.com/deepangelai/results/surfboard/89e1b5a8-4ae4-43ec-8515-0abb43b61474/box/_100.jpg,surfboard,3
201,https://s3.amazonaws.com/deepangelai/results/person/06c0c13a-0aba-4370-a998-780e34df857a/original.jpg,https://s3.amazonaws.com/deepangelai/results/person/06c0c13a-0aba-4370-a998-780e34df857a/box/_100.jpg,person,4
202,https://s3.amazonaws.com/deepangelai/results/car/08f8d4ba-0b01-4862-85cc-41ea73b73589/original.jpg,https://s3.amazonaws.com/deepangelai/results/car/08f8d4ba-0b01-4862-85cc-41ea73b73589/box/_100.jpg,car,3
203,https://s3.amazonaws.com/deepangelai/results/person/aba47c76-d31e-4481-ac72-096896b063bf/original.jpg,https://s3.amazonaws.com/deepangelai/results/person/aba47c76-d31e-4481-ac72-096896b063bf/box/_100.jpg,person,4
204,https://s3.amazonaws.com/deepangelai/results/stop%20sign/7f1bd3d0-428e-4357-94ff-855f7fa5c184/original.jpg,https://s3.amazonaws.com/deepangelai/results/stop%20sign/7f1bd3d0-428e-4357-94ff-855f7fa5c184/box/_100.jpg,stop%20sign,3
205,https://s3.amazonaws.com/deepangelai/results/person/2224642f-266b-48fb-9085-e460bdf68e99/original.jpg,https://s3.amazonaws.com/deepangelai/results/person/2224642f-266b-48fb-9085-e460bdf68e99/box/_100.jpg,person,4
206,https://s3.amazonaws.com/deepangelai/results/person/13e9fe52-e2d5-4a1b-9024-92579c0500d1/original.jpg,https://s3.amazonaws.com/deepangelai/results/person/13e9fe52-e2d5-4a1b-9024-92579c0500d1/box/_100.jpg,person,5
207,https://s3.amazonaws.com/deepangelai/results/person/4ffdc0c1-e94c-4e33-b305-e57993e65a65/original.jpg,https://s3.amazonaws.com/deepangelai/results/person/4ffdc0c1-e94c-4e33-b305-e57993e65a65/box/_100.jpg,person,3
208,https://s3.amazonaws.com/deepangelai/results/person/693e4ae8-f5a0-4cd9-b1a2-8792442553a6/original.jpg,https://s3.amazonaws.com/deepangelai/results/person/693e4ae8-f5a0-4cd9-b1a2-8792442553a6/box/_100.jpg,person,5
209,https://s3.amazonaws.com/deepangelai/results/person/16bd67d6-6132-4519-88da-3a686701da2a/original.jpg,https://s3.amazonaws.com/deepangelai/results/person/16bd67d6-6132-4519-88da-3a686701da2a/box/_100.jpg,person,4
210,https://s3.amazonaws.com/deepangelai/results/person/42061d46-67db-4cec-b66d-39f7e40ec2af/original.jpg,https://s3.amazonaws.com/deepangelai/results/person/42061d46-67db-4cec-b66d-39f7e40ec2af/box/_100.jpg,person,5
211,https://s3.amazonaws.com/deepangelai/results/person/a794e9e5-6cd0-4314-bbd1-89582e77b6cd/original.jpg,https://s3.amazonaws.com/deepangelai/results/person/a794e9e5-6cd0-4314-bbd1-89582e77b6cd/box/_100.jpg,person,4
212,https://s3.amazonaws.com/deepangelai/results/person/c01b64c8-9294-4f9c-944d-238e17d89d5b/original.jpg,https://s3.amazonaws.com/deepangelai/results/person/c01b64c8-9294-4f9c-944d-238e17d89d5b/box/_100.jpg,person,5
213,https://s3.amazonaws.com/deepangelai/results/person/8eee6b62-5251-4316-bc14-fb8c1b9af9c7/original.jpg,https://s3.amazonaws.com/deepangelai/results/person/8eee6b62-5251-4316-bc14-fb8c1b9af9c7/box/_100.jpg,person,5
214,https://s3.amazonaws.com/deepangelai/results/person/d5b61720-dee6-470e-9efc-1296d1a95f6d/original.jpg,https://s3.amazonaws.com/deepangelai/results/person/d5b61720-dee6-470e-9efc-1296d1a95f6d/box/_100.jpg,person,4
215,https://s3.amazonaws.com/deepangelai/results/person/98708c11-fc39-42a9-90d1-c566a0c80861/original.jpg,https://s3.amazonaws.com/deepangelai/results/person/98708c11-fc39-42a9-90d1-c566a0c80861/box/_100.jpg,person,5
216,https://s3.amazonaws.com/deepangelai/results/bench/84685226-be29-4c7a-9a1a-5dd29b94d7a6/original.jpg,https://s3.amazonaws.com/deepangelai/results/bench/84685226-be29-4c7a-9a1a-5dd29b94d7a6/box/_100.jpg,bench,4
217,https://s3.amazonaws.com/deepangelai/results/person/8732a2f4-15ab-4de1-a7a2-026ae0d28e57/original.jpg,https://s3.amazonaws.com/deepangelai/results/person/8732a2f4-15ab-4de1-a7a2-026ae0d28e57/box/_100.jpg,person,5
218,https://s3.amazonaws.com/deepangelai/results/person/bef373c2-2585-445b-a78a-edb03db8fa7d/original.jpg,https://s3.amazonaws.com/deepangelai/results/person/bef373c2-2585-445b-a78a-edb03db8fa7d/box/_100.jpg,person,4
219,https://s3.amazonaws.com/deepangelai/results/person/7ce94df7-dcd3-4fac-a455-7dde0979a199/original.jpg,https://s3.amazonaws.com/deepangelai/results/person/7ce94df7-dcd3-4fac-a455-7dde0979a199/box/_100.jpg,person,5
220,https://s3.amazonaws.com/deepangelai/results/person/49a182c4-4db3-47c8-8649-c694cfd15dbd/original.jpg,https://s3.amazonaws.com/deepangelai/results/person/49a182c4-4db3-47c8-8649-c694cfd15dbd/box/_100.jpg,person,3
221,https://s3.amazonaws.com/deepangelai/results/cat/da55df60-b6b3-4065-a3b4-b7a899993b0b/original.jpg,https://s3.amazonaws.com/deepangelai/results/cat/da55df60-b6b3-4065-a3b4-b7a899993b0b/box/_100.jpg,cat,4
222,https://s3.amazonaws.com/deepangelai/results/person/451479f7-1b1e-4726-b600-97147388808b/original.jpg,https://s3.amazonaws.com/deepangelai/results/person/451479f7-1b1e-4726-b600-97147388808b/box/_100.jpg,person,5
223,https://s3.amazonaws.com/deepangelai/results/person/8e37e939-3f55-426c-b76c-4c1d20c233ae/original.jpg,https://s3.amazonaws.com/deepangelai/results/person/8e37e939-3f55-426c-b76c-4c1d20c233ae/box/_100.jpg,person,4
224,https://s3.amazonaws.com/deepangelai/results/person/ec348575-8c85-471c-9fa0-4b546786aa1e/original.jpg,https://s3.amazonaws.com/deepangelai/results/person/ec348575-8c85-471c-9fa0-4b546786aa1e/box/_100.jpg,person,5
225,https://s3.amazonaws.com/deepangelai/results/person/e37349c5-0b8e-4f99-937a-9f6fbd79af93/original.jpg,https://s3.amazonaws.com/deepangelai/results/person/e37349c5-0b8e-4f99-937a-9f6fbd79af93/box/_100.jpg,person,1
226,https://s3.amazonaws.com/deepangelai/results/person/050b57c2-d58d-4e5a-bcbd-25a102b2ba22/original.jpg,https://s3.amazonaws.com/deepangelai/results/person/050b57c2-d58d-4e5a-bcbd-25a102b2ba22/box/_100.jpg,person,3
227,https://s3.amazonaws.com/deepangelai/results/cat/9ce30555-946f-404d-8fdc-b913694bb5c9/original.jpg,https://s3.amazonaws.com/deepangelai/results/cat/9ce30555-946f-404d-8fdc-b913694bb5c9/box/_100.jpg,cat,4
228,https://s3.amazonaws.com/deepangelai/results/person/0a1c3c6e-7a25-4d2b-b040-e6fd196320cc/original.jpg,https://s3.amazonaws.com/deepangelai/results/person/0a1c3c6e-7a25-4d2b-b040-e6fd196320cc/box/_100.jpg,person,4
229,https://s3.amazonaws.com/deepangelai/results/bicycle/e9391aee-dd0a-4d9d-a588-e2f72be3e954/original.jpg,https://s3.amazonaws.com/deepangelai/results/bicycle/e9391aee-dd0a-4d9d-a588-e2f72be3e954/box/_100.jpg,bicycle,5
230,https://s3.amazonaws.com/deepangelai/results/person/e4dbdae1-b36f-4ccf-8243-3825f03a84aa/original.jpg,https://s3.amazonaws.com/deepangelai/results/person/e4dbdae1-b36f-4ccf-8243-3825f03a84aa/box/_100.jpg,person,5
231,https://s3.amazonaws.com/deepangelai/results/person/a95968aa-c316-4479-a785-daaaacb4b799/original.jpg,https://s3.amazonaws.com/deepangelai/results/person/a95968aa-c316-4479-a785-daaaacb4b799/box/_100.jpg,person,3
232,https://s3.amazonaws.com/deepangelai/results/person/0c66db70-dd2d-4cff-8c89-ea5356c05fe7/original.jpg,https://s3.amazonaws.com/deepangelai/results/person/0c66db70-dd2d-4cff-8c89-ea5356c05fe7/box/_100.jpg,person,5
233,https://s3.amazonaws.com/deepangelai/results/bench/3d29bc3b-9705-4a1e-94ed-c8e90fec9df2/original.jpg,https://s3.amazonaws.com/deepangelai/results/bench/3d29bc3b-9705-4a1e-94ed-c8e90fec9df2/box/_100.jpg,bench,3
234,https://s3.amazonaws.com/deepangelai/results/person/eddaa8bc-98f2-42fb-be08-c5c8a5baa6ee/original.jpg,https://s3.amazonaws.com/deepangelai/results/person/eddaa8bc-98f2-42fb-be08-c5c8a5baa6ee/box/_100.jpg,person,3
235,https://s3.amazonaws.com/deepangelai/results/person/40753531-0b4f-4692-ae03-1dae474e1bf2/original.jpg,https://s3.amazonaws.com/deepangelai/results/person/40753531-0b4f-4692-ae03-1dae474e1bf2/box/_100.jpg,person,4
236,https://s3.amazonaws.com/deepangelai/results/person/b4dfde78-e50e-4969-a3f7-e2478dbac103/original.jpg,https://s3.amazonaws.com/deepangelai/results/person/b4dfde78-e50e-4969-a3f7-e2478dbac103/box/_100.jpg,person,5
237,https://s3.amazonaws.com/deepangelai/results/dog/6c0c1c1c-44c8-4f89-a000-02df52450e3b/original.jpg,https://s3.amazonaws.com/deepangelai/results/dog/6c0c1c1c-44c8-4f89-a000-02df52450e3b/box/_100.jpg,dog,1
238,https://s3.amazonaws.com/deepangelai/results/person/d52faceb-48bf-4170-b181-d4d1caa8217d/original.jpg,https://s3.amazonaws.com/deepangelai/results/person/d52faceb-48bf-4170-b181-d4d1caa8217d/box/_100.jpg,person,4
239,https://s3.amazonaws.com/deepangelai/results/person/1d524bf5-caa4-42f6-9508-5f1e293119fe/original.jpg,https://s3.amazonaws.com/deepangelai/results/person/1d524bf5-caa4-42f6-9508-5f1e293119fe/box/_100.jpg,person,4
240,https://s3.amazonaws.com/deepangelai/results/person/c2d2a650-64f2-45ad-ba44-110be1cc524e/original.jpg,https://s3.amazonaws.com/deepangelai/results/person/c2d2a650-64f2-45ad-ba44-110be1cc524e/box/_100.jpg,person,4
241,https://s3.amazonaws.com/deepangelai/results/person/10efe7fc-109d-4b84-a82b-7175ce1acb1e/original.jpg,https://s3.amazonaws.com/deepangelai/results/person/10efe7fc-109d-4b84-a82b-7175ce1acb1e/box/_100.jpg,person,5
242,https://s3.amazonaws.com/deepangelai/results/person/ef898635-3659-4338-9e06-0fd7e6c8417f/original.jpg,https://s3.amazonaws.com/deepangelai/results/person/ef898635-3659-4338-9e06-0fd7e6c8417f/box/_100.jpg,person,5
243,https://s3.amazonaws.com/deepangelai/results/person/d1d714a2-641e-42cc-b17e-1a5d02f0a933/original.jpg,https://s3.amazonaws.com/deepangelai/results/person/d1d714a2-641e-42cc-b17e-1a5d02f0a933/box/_100.jpg,person,4
244,https://s3.amazonaws.com/deepangelai/results/train/40b6c7ed-70fe-4741-a041-531dddbdcc82/original.jpg,https://s3.amazonaws.com/deepangelai/results/train/40b6c7ed-70fe-4741-a041-531dddbdcc82/box/_100.jpg,train,3
245,https://s3.amazonaws.com/deepangelai/results/airplane/2bafebcd-9bbd-4f86-b0be-21a9c3d3d398/original.jpg,https://s3.amazonaws.com/deepangelai/results/airplane/2bafebcd-9bbd-4f86-b0be-21a9c3d3d398/box/_100.jpg,airplane,4
246,https://s3.amazonaws.com/deepangelai/results/dog/9c85da6d-7c69-47cb-bea5-ad666f38ff92/original.jpg,https://s3.amazonaws.com/deepangelai/results/dog/9c85da6d-7c69-47cb-bea5-ad666f38ff92/box/_100.jpg,dog,5
247,https://s3.amazonaws.com/deepangelai/results/bench/e8c351ab-17c8-4162-bf64-b3c832c2797f/original.jpg,https://s3.amazonaws.com/deepangelai/results/bench/e8c351ab-17c8-4162-bf64-b3c832c2797f/box/_100.jpg,bench,4
248,https://s3.amazonaws.com/deepangelai/results/spoon/13b065d0-5b00-4704-b593-8e890b441b45/original.jpg,https://s3.amazonaws.com/deepangelai/results/spoon/13b065d0-5b00-4704-b593-8e890b441b45/box/_100.jpg,spoon,4
249,https://s3.amazonaws.com/deepangelai/results/person/af161120-0441-4fc8-bb98-6bea83c67951/original.jpg,https://s3.amazonaws.com/deepangelai/results/person/af161120-0441-4fc8-bb98-6bea83c67951/box/_100.jpg,person,5
250,https://s3.amazonaws.com/deepangelai/results/person/3f406b21-cdeb-4529-95a9-67b156c37746/original.jpg,https://s3.amazonaws.com/deepangelai/results/person/3f406b21-cdeb-4529-95a9-67b156c37746/box/_100.jpg,person,5
251,https://s3.amazonaws.com/deepangelai/results/bird/4fbe4dbd-58e6-4e59-97d1-c8427d370f0f/original.jpg,https://s3.amazonaws.com/deepangelai/results/bird/4fbe4dbd-58e6-4e59-97d1-c8427d370f0f/box/_100.jpg,bird,3
252,https://s3.amazonaws.com/deepangelai/results/dog/172f180b-a7c6-423e-a3e1-082beb36bc34/original.jpg,https://s3.amazonaws.com/deepangelai/results/dog/172f180b-a7c6-423e-a3e1-082beb36bc34/box/_100.jpg,dog,5
253,https://s3.amazonaws.com/deepangelai/results/person/28661401-cf6f-4380-915c-c78265cea345/original.jpg,https://s3.amazonaws.com/deepangelai/results/person/28661401-cf6f-4380-915c-c78265cea345/box/_100.jpg,person,3
254,https://s3.amazonaws.com/deepangelai/results/bicycle/ecabc1fa-2347-4e58-bfc9-5c644bac10dc/original.jpg,https://s3.amazonaws.com/deepangelai/results/bicycle/ecabc1fa-2347-4e58-bfc9-5c644bac10dc/box/_100.jpg,bicycle,5
255,https://s3.amazonaws.com/deepangelai/results/bicycle/948fe981-0018-41b9-83a8-f3f9fbff8db7/original.jpg,https://s3.amazonaws.com/deepangelai/results/bicycle/948fe981-0018-41b9-83a8-f3f9fbff8db7/box/_100.jpg,bicycle,5
256,https://s3.amazonaws.com/deepangelai/results/dog/989ec40d-dbd5-49d2-818f-90936d6738fa/original.jpg,https://s3.amazonaws.com/deepangelai/results/dog/989ec40d-dbd5-49d2-818f-90936d6738fa/box/_100.jpg,dog,1
257,https://s3.amazonaws.com/deepangelai/results/car/ce6a5402-141c-4d94-8f0c-bb7b235044ba/original.jpg,https://s3.amazonaws.com/deepangelai/results/car/ce6a5402-141c-4d94-8f0c-bb7b235044ba/box/_100.jpg,car,4
258,https://s3.amazonaws.com/deepangelai/results/cat/2c665d2c-7e51-467f-97ad-ccad933fb843/original.jpg,https://s3.amazonaws.com/deepangelai/results/cat/2c665d2c-7e51-467f-97ad-ccad933fb843/box/_100.jpg,cat,3
259,https://s3.amazonaws.com/deepangelai/results/person/e75f6d2a-a0ed-4ba1-80b5-310a5a60b3b1/original.jpg,https://s3.amazonaws.com/deepangelai/results/person/e75f6d2a-a0ed-4ba1-80b5-310a5a60b3b1/box/_100.jpg,person,2
260,https://s3.amazonaws.com/deepangelai/results/bicycle/37e3c5f3-4882-4fce-b430-ae15624caa85/original.jpg,https://s3.amazonaws.com/deepangelai/results/bicycle/37e3c5f3-4882-4fce-b430-ae15624caa85/box/_100.jpg,bicycle,5
261,https://s3.amazonaws.com/deepangelai/results/person/f0126458-1379-434d-93f0-761adb09f535/original.jpg,https://s3.amazonaws.com/deepangelai/results/person/f0126458-1379-434d-93f0-761adb09f535/box/_100.jpg,person,5
262,https://s3.amazonaws.com/deepangelai/results/elephant/6dda1090-545a-47e4-8b9f-a73823a6a12e/original.jpg,https://s3.amazonaws.com/deepangelai/results/elephant/6dda1090-545a-47e4-8b9f-a73823a6a12e/box/_100.jpg,elephant,5
263,https://s3.amazonaws.com/deepangelai/results/person/7a564bbc-c7cb-4168-9081-c6dce9aaebe6/original.jpg,https://s3.amazonaws.com/deepangelai/results/person/7a564bbc-c7cb-4168-9081-c6dce9aaebe6/box/_100.jpg,person,5
264,https://s3.amazonaws.com/deepangelai/results/person/f8c80157-e801-494e-a7bf-38175cf208c9/original.jpg,https://s3.amazonaws.com/deepangelai/results/person/f8c80157-e801-494e-a7bf-38175cf208c9/box/_100.jpg,person,5
265,https://s3.amazonaws.com/deepangelai/results/person/9920dab7-4e9e-4339-bdb0-4c4d8d1a9ac8/original.jpg,https://s3.amazonaws.com/deepangelai/results/person/9920dab7-4e9e-4339-bdb0-4c4d8d1a9ac8/box/_100.jpg,person,5
266,https://s3.amazonaws.com/deepangelai/results/bird/87d6d4c7-a1af-4c81-82eb-037f7d0948cb/original.jpg,https://s3.amazonaws.com/deepangelai/results/bird/87d6d4c7-a1af-4c81-82eb-037f7d0948cb/box/_100.jpg,bird,5
267,https://s3.amazonaws.com/deepangelai/results/person/548cb9b1-7408-429b-bf24-e0613060442c/original.jpg,https://s3.amazonaws.com/deepangelai/results/person/548cb9b1-7408-429b-bf24-e0613060442c/box/_100.jpg,person,2
268,https://s3.amazonaws.com/deepangelai/results/person/765eeda4-4181-4df1-8679-35235806cdb0/original.jpg,https://s3.amazonaws.com/deepangelai/results/person/765eeda4-4181-4df1-8679-35235806cdb0/box/_100.jpg,person,5
269,https://s3.amazonaws.com/deepangelai/results/dog/24ef6d25-1705-479c-a5b6-0713c7e760bb/original.jpg,https://s3.amazonaws.com/deepangelai/results/dog/24ef6d25-1705-479c-a5b6-0713c7e760bb/box/_100.jpg,dog,4
270,https://s3.amazonaws.com/deepangelai/results/person/b0ad4da9-cb75-48ad-98d8-fe8c8075bef1/original.jpg,https://s3.amazonaws.com/deepangelai/results/person/b0ad4da9-cb75-48ad-98d8-fe8c8075bef1/box/_100.jpg,person,5
271,https://s3.amazonaws.com/deepangelai/results/person/441828cb-33d5-44c0-bd5f-7650a7f726f7/original.jpg,https://s3.amazonaws.com/deepangelai/results/person/441828cb-33d5-44c0-bd5f-7650a7f726f7/box/_100.jpg,person,5
272,https://s3.amazonaws.com/deepangelai/results/person/375026e8-b9e7-4fbb-9d93-32ce0f9ee120/original.jpg,https://s3.amazonaws.com/deepangelai/results/person/375026e8-b9e7-4fbb-9d93-32ce0f9ee120/box/_100.jpg,person,4
273,https://s3.amazonaws.com/deepangelai/results/person/4d42ed22-55da-4858-bd56-0d78a5cd1f0c/original.jpg,https://s3.amazonaws.com/deepangelai/results/person/4d42ed22-55da-4858-bd56-0d78a5cd1f0c/box/_100.jpg,person,5
274,https://s3.amazonaws.com/deepangelai/results/person/70ea528f-3abc-4da5-b7ed-b470c9971d69/original.jpg,https://s3.amazonaws.com/deepangelai/results/person/70ea528f-3abc-4da5-b7ed-b470c9971d69/box/_100.jpg,person,5
275,https://s3.amazonaws.com/deepangelai/results/person/5281bae8-db74-4b7f-ba2f-ce638430b350/original.jpg,https://s3.amazonaws.com/deepangelai/results/person/5281bae8-db74-4b7f-ba2f-ce638430b350/box/_100.jpg,person,5
276,https://s3.amazonaws.com/deepangelai/results/person/736a9849-a850-4177-85b9-878cadb568d3/original.jpg,https://s3.amazonaws.com/deepangelai/results/person/736a9849-a850-4177-85b9-878cadb568d3/box/_100.jpg,person,2
277,https://s3.amazonaws.com/deepangelai/results/person/427dbe2e-d7a6-467a-855a-eda800e42b21/original.jpg,https://s3.amazonaws.com/deepangelai/results/person/427dbe2e-d7a6-467a-855a-eda800e42b21/box/_100.jpg,person,5
278,https://s3.amazonaws.com/deepangelai/results/person/a14a9a59-ecf9-4564-a15b-9e5650d9d6b4/original.jpg,https://s3.amazonaws.com/deepangelai/results/person/a14a9a59-ecf9-4564-a15b-9e5650d9d6b4/box/_100.jpg,person,5
279,https://s3.amazonaws.com/deepangelai/results/person/e8be1e19-c49f-4583-8871-2f66ff01624e/original.jpg,https://s3.amazonaws.com/deepangelai/results/person/e8be1e19-c49f-4583-8871-2f66ff01624e/box/_100.jpg,person,5
280,https://s3.amazonaws.com/deepangelai/results/person/f9e1b631-bcdc-4ade-9a13-dab068798107/original.jpg,https://s3.amazonaws.com/deepangelai/results/person/f9e1b631-bcdc-4ade-9a13-dab068798107/box/_100.jpg,person,4
281,https://s3.amazonaws.com/deepangelai/results/person/259cac8c-4fee-4b93-af82-2509608bcfe8/original.jpg,https://s3.amazonaws.com/deepangelai/results/person/259cac8c-4fee-4b93-af82-2509608bcfe8/box/_100.jpg,person,5
282,https://s3.amazonaws.com/deepangelai/results/person/aafdf066-aa32-4d41-9a92-41d569e07786/original.jpg,https://s3.amazonaws.com/deepangelai/results/person/aafdf066-aa32-4d41-9a92-41d569e07786/box/_100.jpg,person,5
283,https://s3.amazonaws.com/deepangelai/results/person/ac256f09-b589-4c99-bae8-0d703f526d16/original.jpg,https://s3.amazonaws.com/deepangelai/results/person/ac256f09-b589-4c99-bae8-0d703f526d16/box/_100.jpg,person,4
284,https://s3.amazonaws.com/deepangelai/results/car/42028d14-f254-42bb-9688-edf1f0e70b8c/original.jpg,https://s3.amazonaws.com/deepangelai/results/car/42028d14-f254-42bb-9688-edf1f0e70b8c/box/_100.jpg,car,4
285,https://s3.amazonaws.com/deepangelai/results/cat/b198c053-0360-4ad5-b29c-816574cf755b/original.jpg,https://s3.amazonaws.com/deepangelai/results/cat/b198c053-0360-4ad5-b29c-816574cf755b/box/_100.jpg,cat,3
286,https://s3.amazonaws.com/deepangelai/results/cat/faf54ca9-d5ff-41e6-b75b-8d35d17e487a/original.jpg,https://s3.amazonaws.com/deepangelai/results/cat/faf54ca9-d5ff-41e6-b75b-8d35d17e487a/box/_100.jpg,cat,4
287,https://s3.amazonaws.com/deepangelai/results/person/21b262cd-f429-4d59-8d09-0bde76d039b5/original.jpg,https://s3.amazonaws.com/deepangelai/results/person/21b262cd-f429-4d59-8d09-0bde76d039b5/box/_100.jpg,person,4
288,https://s3.amazonaws.com/deepangelai/results/person/311eadc5-6c71-4c3f-ba84-c65a7bc9ecd3/original.jpg,https://s3.amazonaws.com/deepangelai/results/person/311eadc5-6c71-4c3f-ba84-c65a7bc9ecd3/box/_100.jpg,person,4
289,https://s3.amazonaws.com/deepangelai/results/person/37372b8c-7fec-4e8c-95a5-ddb1fbc29bc1/original.jpg,https://s3.amazonaws.com/deepangelai/results/person/37372b8c-7fec-4e8c-95a5-ddb1fbc29bc1/box/_100.jpg,person,5
290,https://s3.amazonaws.com/deepangelai/results/person/73c97632-e0be-4d04-ae70-ebfa9808f07b/original.jpg,https://s3.amazonaws.com/deepangelai/results/person/73c97632-e0be-4d04-ae70-ebfa9808f07b/box/_100.jpg,person,5
291,https://s3.amazonaws.com/deepangelai/results/airplane/205009cd-4c09-493c-8b91-7023083ac5e1/original.jpg,https://s3.amazonaws.com/deepangelai/results/airplane/205009cd-4c09-493c-8b91-7023083ac5e1/box/_100.jpg,airplane,5
292,https://s3.amazonaws.com/deepangelai/results/person/ca1bccc9-93d5-41b3-b35d-65989e838924/original.jpg,https://s3.amazonaws.com/deepangelai/results/person/ca1bccc9-93d5-41b3-b35d-65989e838924/box/_100.jpg,person,5
293,https://s3.amazonaws.com/deepangelai/results/person/f151b976-255f-4eb0-bc1f-8176e741003f/original.jpg,https://s3.amazonaws.com/deepangelai/results/person/f151b976-255f-4eb0-bc1f-8176e741003f/box/_100.jpg,person,4
294,https://s3.amazonaws.com/deepangelai/results/person/f8e3a8b4-ce2b-499d-b941-aebd3ca90882/original.jpg,https://s3.amazonaws.com/deepangelai/results/person/f8e3a8b4-ce2b-499d-b941-aebd3ca90882/box/_100.jpg,person,4
295,https://s3.amazonaws.com/deepangelai/results/person/2bc557f5-da73-4551-8305-c917ceff12fc/original.jpg,https://s3.amazonaws.com/deepangelai/results/person/2bc557f5-da73-4551-8305-c917ceff12fc/box/_100.jpg,person,5
296,https://s3.amazonaws.com/deepangelai/results/person/740ec290-d7bc-4c62-8f23-7cb67b159fa7/original.jpg,https://s3.amazonaws.com/deepangelai/results/person/740ec290-d7bc-4c62-8f23-7cb67b159fa7/box/_100.jpg,person,5
297,https://s3.amazonaws.com/deepangelai/results/person/ba2e2ce8-e0f2-46aa-afbe-891ffc912f03/original.jpg,https://s3.amazonaws.com/deepangelai/results/person/ba2e2ce8-e0f2-46aa-afbe-891ffc912f03/box/_100.jpg,person,5
298,https://s3.amazonaws.com/deepangelai/results/car/eaeb9a1a-420e-49a1-aa68-0b196cda3327/original.jpg,https://s3.amazonaws.com/deepangelai/results/car/eaeb9a1a-420e-49a1-aa68-0b196cda3327/box/_100.jpg,car,4
299,https://s3.amazonaws.com/deepangelai/results/person/e915f01e-3e45-48d6-8876-a92dbf40a172/original.jpg,https://s3.amazonaws.com/deepangelai/results/person/e915f01e-3e45-48d6-8876-a92dbf40a172/box/_100.jpg,person,5
300,https://s3.amazonaws.com/deepangelai/results/person/7e560f36-a950-438d-93ef-9eb133a405e7/original.jpg,https://s3.amazonaws.com/deepangelai/results/person/7e560f36-a950-438d-93ef-9eb133a405e7/box/_100.jpg,person,5
301,https://s3.amazonaws.com/deepangelai/results/dog/efdd8608-03f7-484c-a463-9063c5ff080c/original.jpg,https://s3.amazonaws.com/deepangelai/results/dog/efdd8608-03f7-484c-a463-9063c5ff080c/box/_100.jpg,dog,4
302,https://s3.amazonaws.com/deepangelai/results/person/c5b38c98-f852-4ade-912d-dcb3bf152a59/original.jpg,https://s3.amazonaws.com/deepangelai/results/person/c5b38c98-f852-4ade-912d-dcb3bf152a59/box/_100.jpg,person,3
303,https://s3.amazonaws.com/deepangelai/results/person/0b749eaa-eb19-4deb-a727-156d67883c42/original.jpg,https://s3.amazonaws.com/deepangelai/results/person/0b749eaa-eb19-4deb-a727-156d67883c42/box/_100.jpg,person,5
304,https://s3.amazonaws.com/deepangelai/results/person/562b3b3e-a027-40eb-ac39-a8140a21d6d7/original.jpg,https://s3.amazonaws.com/deepangelai/results/person/562b3b3e-a027-40eb-ac39-a8140a21d6d7/box/_100.jpg,person,5
305,https://s3.amazonaws.com/deepangelai/results/person/0f24102a-1baf-47ff-820c-a4b2b0eee93d/original.jpg,https://s3.amazonaws.com/deepangelai/results/person/0f24102a-1baf-47ff-820c-a4b2b0eee93d/box/_100.jpg,person,5
306,https://s3.amazonaws.com/deepangelai/results/person/8edda1e6-cd7c-4ab7-bc65-85b0bb453bb4/original.jpg,https://s3.amazonaws.com/deepangelai/results/person/8edda1e6-cd7c-4ab7-bc65-85b0bb453bb4/box/_100.jpg,person,5
307,https://s3.amazonaws.com/deepangelai/results/bird/f39c7808-eb81-4494-8fa5-58af12a5ce41/original.jpg,https://s3.amazonaws.com/deepangelai/results/bird/f39c7808-eb81-4494-8fa5-58af12a5ce41/box/_100.jpg,bird,5
308,https://s3.amazonaws.com/deepangelai/results/person/03c1d205-bb90-484f-b4cb-ab88d63191b2/original.jpg,https://s3.amazonaws.com/deepangelai/results/person/03c1d205-bb90-484f-b4cb-ab88d63191b2/box/_100.jpg,person,5
309,https://s3.amazonaws.com/deepangelai/results/person/70c5b9ba-63e1-4a6b-a8fd-18a80ff2f99a/original.jpg,https://s3.amazonaws.com/deepangelai/results/person/70c5b9ba-63e1-4a6b-a8fd-18a80ff2f99a/box/_100.jpg,person,3
310,https://s3.amazonaws.com/deepangelai/results/cat/49e069ea-e7b6-4397-873a-bbedb5967cfa/original.jpg,https://s3.amazonaws.com/deepangelai/results/cat/49e069ea-e7b6-4397-873a-bbedb5967cfa/box/_100.jpg,cat,5
311,https://s3.amazonaws.com/deepangelai/results/person/5b5df281-74e4-4348-81d3-e1ae91a94352/original.jpg,https://s3.amazonaws.com/deepangelai/results/person/5b5df281-74e4-4348-81d3-e1ae91a94352/box/_100.jpg,person,5
312,https://s3.amazonaws.com/deepangelai/results/cat/bc310e7b-0598-4898-ae84-53d56ba64add/original.jpg,https://s3.amazonaws.com/deepangelai/results/cat/bc310e7b-0598-4898-ae84-53d56ba64add/box/_100.jpg,cat,5
313,https://s3.amazonaws.com/deepangelai/results/car/34a3f7d9-a72f-4bcd-bbbf-bc8c6f35a7e2/original.jpg,https://s3.amazonaws.com/deepangelai/results/car/34a3f7d9-a72f-4bcd-bbbf-bc8c6f35a7e2/box/_100.jpg,car,2
314,https://s3.amazonaws.com/deepangelai/results/cat/4992da09-bbdf-4c5e-8dfc-0b953d86fc25/original.jpg,https://s3.amazonaws.com/deepangelai/results/cat/4992da09-bbdf-4c5e-8dfc-0b953d86fc25/box/_100.jpg,cat,4
315,https://s3.amazonaws.com/deepangelai/results/person/d1e943c8-54b3-422c-b4a9-7c35fffa249e/original.jpg,https://s3.amazonaws.com/deepangelai/results/person/d1e943c8-54b3-422c-b4a9-7c35fffa249e/box/_100.jpg,person,5
316,https://s3.amazonaws.com/deepangelai/results/person/36a78ab6-3c7d-452b-8acd-d8d07c43e329/original.jpg,https://s3.amazonaws.com/deepangelai/results/person/36a78ab6-3c7d-452b-8acd-d8d07c43e329/box/_100.jpg,person,4
317,https://s3.amazonaws.com/deepangelai/results/person/41683564-34c8-4cda-b390-f34f25bc5e90/original.jpg,https://s3.amazonaws.com/deepangelai/results/person/41683564-34c8-4cda-b390-f34f25bc5e90/box/_100.jpg,person,4
318,https://s3.amazonaws.com/deepangelai/results/person/a9a06808-164d-40fb-91d7-39d9b9ab8636/original.jpg,https://s3.amazonaws.com/deepangelai/results/person/a9a06808-164d-40fb-91d7-39d9b9ab8636/box/_100.jpg,person,4
319,https://s3.amazonaws.com/deepangelai/results/car/10cb833c-7b18-4f73-bbab-208852984eb1/original.jpg,https://s3.amazonaws.com/deepangelai/results/car/10cb833c-7b18-4f73-bbab-208852984eb1/box/_100.jpg,car,3
320,https://s3.amazonaws.com/deepangelai/results/person/26022eea-cbb2-4c97-bfd6-8594ec642667/original.jpg,https://s3.amazonaws.com/deepangelai/results/person/26022eea-cbb2-4c97-bfd6-8594ec642667/box/_100.jpg,person,5
321,https://s3.amazonaws.com/deepangelai/results/person/3373e008-f159-40fd-aa71-97bdbf25dda3/original.jpg,https://s3.amazonaws.com/deepangelai/results/person/3373e008-f159-40fd-aa71-97bdbf25dda3/box/_100.jpg,person,5
322,https://s3.amazonaws.com/deepangelai/results/wine%20glass/e035bedd-e768-48d7-870a-6bfac9508643/original.jpg,https://s3.amazonaws.com/deepangelai/results/wine%20glass/e035bedd-e768-48d7-870a-6bfac9508643/box/_100.jpg,wine%20glass,3
323,https://s3.amazonaws.com/deepangelai/results/person/2ae83934-afca-47d2-a2c2-9b08291b0df9/original.jpg,https://s3.amazonaws.com/deepangelai/results/person/2ae83934-afca-47d2-a2c2-9b08291b0df9/box/_100.jpg,person,5
324,https://s3.amazonaws.com/deepangelai/results/person/1ebefc34-1c6a-4082-ab0f-e5b5df6f88f5/original.jpg,https://s3.amazonaws.com/deepangelai/results/person/1ebefc34-1c6a-4082-ab0f-e5b5df6f88f5/box/_100.jpg,person,1
325,https://s3.amazonaws.com/deepangelai/results/person/85412348-3bce-492d-a3b6-261a5a9065cd/original.jpg,https://s3.amazonaws.com/deepangelai/results/person/85412348-3bce-492d-a3b6-261a5a9065cd/box/_100.jpg,person,5
326,https://s3.amazonaws.com/deepangelai/results/person/e6ac85dc-3181-406b-8a36-8a3b8f1c455e/original.jpg,https://s3.amazonaws.com/deepangelai/results/person/e6ac85dc-3181-406b-8a36-8a3b8f1c455e/box/_100.jpg,person,5
327,https://s3.amazonaws.com/deepangelai/results/person/040b0288-fd13-4701-ad4f-8349719ae6ef/original.jpg,https://s3.amazonaws.com/deepangelai/results/person/040b0288-fd13-4701-ad4f-8349719ae6ef/box/_100.jpg,person,5
328,https://s3.amazonaws.com/deepangelai/results/person/d3959fad-2b97-4f49-b68c-1d0ffd8465f0/original.jpg,https://s3.amazonaws.com/deepangelai/results/person/d3959fad-2b97-4f49-b68c-1d0ffd8465f0/box/_100.jpg,person,4
329,https://s3.amazonaws.com/deepangelai/results/person/b22b8ecb-d7c6-47d1-89c1-7545aa7c77e6/original.jpg,https://s3.amazonaws.com/deepangelai/results/person/b22b8ecb-d7c6-47d1-89c1-7545aa7c77e6/box/_100.jpg,person,5
330,https://s3.amazonaws.com/deepangelai/results/stop%20sign/f769520b-5f4b-4a54-8cd2-2e93c9097692/original.jpg,https://s3.amazonaws.com/deepangelai/results/stop%20sign/f769520b-5f4b-4a54-8cd2-2e93c9097692/box/_100.jpg,stop%20sign,5
331,https://s3.amazonaws.com/deepangelai/results/person/271c11ab-b103-40cf-85e4-cc1b38e69e69/original.jpg,https://s3.amazonaws.com/deepangelai/results/person/271c11ab-b103-40cf-85e4-cc1b38e69e69/box/_100.jpg,person,5
332,https://s3.amazonaws.com/deepangelai/results/person/25264fca-4e44-4b0c-bc61-1ad8eea8f646/original.jpg,https://s3.amazonaws.com/deepangelai/results/person/25264fca-4e44-4b0c-bc61-1ad8eea8f646/box/_100.jpg,person,5
333,https://s3.amazonaws.com/deepangelai/results/cat/c8cc00ba-8862-4904-9091-e656461c1ab1/original.jpg,https://s3.amazonaws.com/deepangelai/results/cat/c8cc00ba-8862-4904-9091-e656461c1ab1/box/_100.jpg,cat,5
334,https://s3.amazonaws.com/deepangelai/results/cat/a5fe2c4a-11fb-43db-9725-331c883d3981/original.jpg,https://s3.amazonaws.com/deepangelai/results/cat/a5fe2c4a-11fb-43db-9725-331c883d3981/box/_100.jpg,cat,2
335,https://s3.amazonaws.com/deepangelai/results/person/62739939-da0c-48ff-bfdc-12d05ace3a5b/original.jpg,https://s3.amazonaws.com/deepangelai/results/person/62739939-da0c-48ff-bfdc-12d05ace3a5b/box/_100.jpg,person,4
336,https://s3.amazonaws.com/deepangelai/results/person/5640e174-84a2-4cd4-b2ba-d8998d6a3e35/original.jpg,https://s3.amazonaws.com/deepangelai/results/person/5640e174-84a2-4cd4-b2ba-d8998d6a3e35/box/_100.jpg,person,4
337,https://s3.amazonaws.com/deepangelai/results/person/fdd69f70-c399-44bc-b56e-9ec857b3ef5a/original.jpg,https://s3.amazonaws.com/deepangelai/results/person/fdd69f70-c399-44bc-b56e-9ec857b3ef5a/box/_100.jpg,person,5
338,https://s3.amazonaws.com/deepangelai/results/motorcycle/9f4f5cee-b13c-4e7e-aa75-097676bdabaa/original.jpg,https://s3.amazonaws.com/deepangelai/results/motorcycle/9f4f5cee-b13c-4e7e-aa75-097676bdabaa/box/_100.jpg,motorcycle,5
339,https://s3.amazonaws.com/deepangelai/results/hair%20drier/86796154-406a-4f51-9fce-d293f074c6a8/original.jpg,https://s3.amazonaws.com/deepangelai/results/hair%20drier/86796154-406a-4f51-9fce-d293f074c6a8/box/_100.jpg,hair%20drier,4
340,https://s3.amazonaws.com/deepangelai/results/dog/6504d632-282c-4903-907a-6f6cfb131505/original.jpg,https://s3.amazonaws.com/deepangelai/results/dog/6504d632-282c-4903-907a-6f6cfb131505/box/_100.jpg,dog,4
341,https://s3.amazonaws.com/deepangelai/results/dog/363d5b89-8498-460e-8c46-5a7ef34e3b15/original.jpg,https://s3.amazonaws.com/deepangelai/results/dog/363d5b89-8498-460e-8c46-5a7ef34e3b15/box/_100.jpg,dog,5
342,https://s3.amazonaws.com/deepangelai/results/car/4096bec0-4d60-4918-9a31-6aa991a58aa8/original.jpg,https://s3.amazonaws.com/deepangelai/results/car/4096bec0-4d60-4918-9a31-6aa991a58aa8/box/_100.jpg,car,4
343,https://s3.amazonaws.com/deepangelai/results/person/68a21aec-ce09-4106-a4d9-798ee8e81cf2/original.jpg,https://s3.amazonaws.com/deepangelai/results/person/68a21aec-ce09-4106-a4d9-798ee8e81cf2/box/_100.jpg,person,3
344,https://s3.amazonaws.com/deepangelai/results/teddy%20bear/c9156af1-465a-49be-a2fc-f36f8fd63756/original.jpg,https://s3.amazonaws.com/deepangelai/results/teddy%20bear/c9156af1-465a-49be-a2fc-f36f8fd63756/box/_100.jpg,teddy%20bear,4
345,https://s3.amazonaws.com/deepangelai/results/cat/7c7eb77b-b2e3-4628-889f-d67b07b5e40c/original.jpg,https://s3.amazonaws.com/deepangelai/results/cat/7c7eb77b-b2e3-4628-889f-d67b07b5e40c/box/_100.jpg,cat,5
346,https://s3.amazonaws.com/deepangelai/results/person/fe9247a1-a043-44e0-936e-cdec9fbc85d3/original.jpg,https://s3.amazonaws.com/deepangelai/results/person/fe9247a1-a043-44e0-936e-cdec9fbc85d3/box/_100.jpg,person,5
347,https://s3.amazonaws.com/deepangelai/results/person/92c0a2e7-ec4e-4a1c-9f93-a157af0017e3/original.jpg,https://s3.amazonaws.com/deepangelai/results/person/92c0a2e7-ec4e-4a1c-9f93-a157af0017e3/box/_100.jpg,person,4
348,https://s3.amazonaws.com/deepangelai/results/cat/93cac407-4b43-446b-bc6a-46b0d4e39b34/original.jpg,https://s3.amazonaws.com/deepangelai/results/cat/93cac407-4b43-446b-bc6a-46b0d4e39b34/box/_100.jpg,cat,5
349,https://s3.amazonaws.com/deepangelai/results/dog/2b37369d-0942-43a8-a547-445104e684b5/original.jpg,https://s3.amazonaws.com/deepangelai/results/dog/2b37369d-0942-43a8-a547-445104e684b5/box/_100.jpg,dog,4
350,https://s3.amazonaws.com/deepangelai/results/person/4256cace-f398-4cb8-ae7b-a8eab392e079/original.jpg,https://s3.amazonaws.com/deepangelai/results/person/4256cace-f398-4cb8-ae7b-a8eab392e079/box/_100.jpg,person,5
351,https://s3.amazonaws.com/deepangelai/results/person/0d911fa9-cb24-48c1-8a8f-d260fa748375/original.jpg,https://s3.amazonaws.com/deepangelai/results/person/0d911fa9-cb24-48c1-8a8f-d260fa748375/box/_100.jpg,person,4
352,https://s3.amazonaws.com/deepangelai/results/person/16c77e69-006c-43fd-a9e1-a1be3e01d994/original.jpg,https://s3.amazonaws.com/deepangelai/results/person/16c77e69-006c-43fd-a9e1-a1be3e01d994/box/_100.jpg,person,5
353,https://s3.amazonaws.com/deepangelai/results/person/d31fd9a7-4404-4fe1-9296-479879305800/original.jpg,https://s3.amazonaws.com/deepangelai/results/person/d31fd9a7-4404-4fe1-9296-479879305800/box/_100.jpg,person,5
354,https://s3.amazonaws.com/deepangelai/results/person/638f20d8-5da5-4eed-93cf-126c80b8da09/original.jpg,https://s3.amazonaws.com/deepangelai/results/person/638f20d8-5da5-4eed-93cf-126c80b8da09/box/_100.jpg,person,5
355,https://s3.amazonaws.com/deepangelai/results/car/e8d78cc2-27a6-4da3-aaba-0febe2bfd825/original.jpg,https://s3.amazonaws.com/deepangelai/results/car/e8d78cc2-27a6-4da3-aaba-0febe2bfd825/box/_100.jpg,car,1
356,https://s3.amazonaws.com/deepangelai/results/person/05a44f30-0488-4d53-b365-45a2362c88cd/original.jpg,https://s3.amazonaws.com/deepangelai/results/person/05a44f30-0488-4d53-b365-45a2362c88cd/box/_100.jpg,person,5
357,https://s3.amazonaws.com/deepangelai/results/person/a4c39627-1995-4e12-8bf1-9db34e3ad4d3/original.jpg,https://s3.amazonaws.com/deepangelai/results/person/a4c39627-1995-4e12-8bf1-9db34e3ad4d3/box/_100.jpg,person,5
358,https://s3.amazonaws.com/deepangelai/results/person/be00e157-8ae5-4878-b345-b6edfd5f9221/original.jpg,https://s3.amazonaws.com/deepangelai/results/person/be00e157-8ae5-4878-b345-b6edfd5f9221/box/_100.jpg,person,2
359,https://s3.amazonaws.com/deepangelai/results/person/8c3cee23-9000-4928-a0b5-6ebd8c3bdee7/original.jpg,https://s3.amazonaws.com/deepangelai/results/person/8c3cee23-9000-4928-a0b5-6ebd8c3bdee7/box/_100.jpg,person,5
360,https://s3.amazonaws.com/deepangelai/results/dog/66c345d3-61e2-4d60-9532-bfbc46e40fe7/original.jpg,https://s3.amazonaws.com/deepangelai/results/dog/66c345d3-61e2-4d60-9532-bfbc46e40fe7/box/_100.jpg,dog,4
361,https://s3.amazonaws.com/deepangelai/results/car/cad54fa0-2dd8-45c7-8e4c-ebc61f3acb80/original.jpg,https://s3.amazonaws.com/deepangelai/results/car/cad54fa0-2dd8-45c7-8e4c-ebc61f3acb80/box/_100.jpg,car,5
362,https://s3.amazonaws.com/deepangelai/results/tennis%20racket/415f8db6-1362-476f-ac8b-faafb95c3105/original.jpg,https://s3.amazonaws.com/deepangelai/results/tennis%20racket/415f8db6-1362-476f-ac8b-faafb95c3105/box/_100.jpg,tennis%20racket,4
363,https://s3.amazonaws.com/deepangelai/results/person/82f59272-238f-499a-9bc6-3c359ef937f9/original.jpg,https://s3.amazonaws.com/deepangelai/results/person/82f59272-238f-499a-9bc6-3c359ef937f9/box/_100.jpg,person,5
364,https://s3.amazonaws.com/deepangelai/results/person/256beee5-b307-4fea-9c74-6e8ea2945a83/original.jpg,https://s3.amazonaws.com/deepangelai/results/person/256beee5-b307-4fea-9c74-6e8ea2945a83/box/_100.jpg,person,5
365,https://s3.amazonaws.com/deepangelai/results/person/7996f265-4796-4aa1-96fb-153880ac07df/original.jpg,https://s3.amazonaws.com/deepangelai/results/person/7996f265-4796-4aa1-96fb-153880ac07df/box/_100.jpg,person,3
366,https://s3.amazonaws.com/deepangelai/results/elephant/75402e30-193c-4548-98f3-c7a0c2475f79/original.jpg,https://s3.amazonaws.com/deepangelai/results/elephant/75402e30-193c-4548-98f3-c7a0c2475f79/box/_100.jpg,elephant,5
367,https://s3.amazonaws.com/deepangelai/results/person/c6a52b90-b407-4e33-ae7b-07c9d21c8741/original.jpg,https://s3.amazonaws.com/deepangelai/results/person/c6a52b90-b407-4e33-ae7b-07c9d21c8741/box/_100.jpg,person,3
368,https://s3.amazonaws.com/deepangelai/results/person/f9e3bb2f-8ae6-409e-8e47-de24f4995d8b/original.jpg,https://s3.amazonaws.com/deepangelai/results/person/f9e3bb2f-8ae6-409e-8e47-de24f4995d8b/box/_100.jpg,person,5
369,https://s3.amazonaws.com/deepangelai/results/sheep/130f8317-dc1c-40ae-ba19-c3051a1273bf/original.jpg,https://s3.amazonaws.com/deepangelai/results/sheep/130f8317-dc1c-40ae-ba19-c3051a1273bf/box/_100.jpg,sheep,5
370,https://s3.amazonaws.com/deepangelai/results/bicycle/9428708e-d035-42c8-adfa-fcf78c31b5f8/original.jpg,https://s3.amazonaws.com/deepangelai/results/bicycle/9428708e-d035-42c8-adfa-fcf78c31b5f8/box/_100.jpg,bicycle,5
371,https://s3.amazonaws.com/deepangelai/results/person/835ba4c3-352c-4df5-807d-d491b32dcb49/original.jpg,https://s3.amazonaws.com/deepangelai/results/person/835ba4c3-352c-4df5-807d-d491b32dcb49/box/_100.jpg,person,4
372,https://s3.amazonaws.com/deepangelai/results/person/db269aa2-2b2a-4739-9695-7c5ca7c80345/original.jpg,https://s3.amazonaws.com/deepangelai/results/person/db269aa2-2b2a-4739-9695-7c5ca7c80345/box/_100.jpg,person,5
373,https://s3.amazonaws.com/deepangelai/results/truck/9fe7fe98-5acd-4075-861c-526eee6e5eeb/original.jpg,https://s3.amazonaws.com/deepangelai/results/truck/9fe7fe98-5acd-4075-861c-526eee6e5eeb/box/_100.jpg,truck,5
374,https://s3.amazonaws.com/deepangelai/results/cat/a3e629e4-dfbf-47fc-a54f-204eef24b574/original.jpg,https://s3.amazonaws.com/deepangelai/results/cat/a3e629e4-dfbf-47fc-a54f-204eef24b574/box/_100.jpg,cat,5
375,https://s3.amazonaws.com/deepangelai/results/person/e7977704-d937-481a-9b6d-fa06162b01a5/original.jpg,https://s3.amazonaws.com/deepangelai/results/person/e7977704-d937-481a-9b6d-fa06162b01a5/box/_100.jpg,person,4
376,https://s3.amazonaws.com/deepangelai/results/dog/b8b35eae-9d17-4a96-9f00-652a188972ae/original.jpg,https://s3.amazonaws.com/deepangelai/results/dog/b8b35eae-9d17-4a96-9f00-652a188972ae/box/_100.jpg,dog,5
377,https://s3.amazonaws.com/deepangelai/results/person/ff99dcbc-4d94-4c9a-83db-3e8343901267/original.jpg,https://s3.amazonaws.com/deepangelai/results/person/ff99dcbc-4d94-4c9a-83db-3e8343901267/box/_100.jpg,person,5
378,https://s3.amazonaws.com/deepangelai/results/dog/ad1cea21-c409-4f33-b428-48c5621ccc5e/original.jpg,https://s3.amazonaws.com/deepangelai/results/dog/ad1cea21-c409-4f33-b428-48c5621ccc5e/box/_100.jpg,dog,5
379,https://s3.amazonaws.com/deepangelai/results/potted%20plant/aef0cfce-073d-4eea-bc7e-acb792d14c97/original.jpg,https://s3.amazonaws.com/deepangelai/results/potted%20plant/aef0cfce-073d-4eea-bc7e-acb792d14c97/box/_100.jpg,potted%20plant,5
380,https://s3.amazonaws.com/deepangelai/results/cow/5d0f93e4-dba4-4f7f-8f61-77cc00158492/original.jpg,https://s3.amazonaws.com/deepangelai/results/cow/5d0f93e4-dba4-4f7f-8f61-77cc00158492/box/_100.jpg,cow,4
381,https://s3.amazonaws.com/deepangelai/results/person/0516945d-d0b4-4229-aa52-4e4069171159/original.jpg,https://s3.amazonaws.com/deepangelai/results/person/0516945d-d0b4-4229-aa52-4e4069171159/box/_100.jpg,person,3
382,https://s3.amazonaws.com/deepangelai/results/person/66b7c868-7721-4529-9b55-c18478338074/original.jpg,https://s3.amazonaws.com/deepangelai/results/person/66b7c868-7721-4529-9b55-c18478338074/box/_100.jpg,person,5
383,https://s3.amazonaws.com/deepangelai/results/dog/bffe92b0-ccdf-45de-940d-5f28f9fa754b/original.jpg,https://s3.amazonaws.com/deepangelai/results/dog/bffe92b0-ccdf-45de-940d-5f28f9fa754b/box/_100.jpg,dog,5
384,https://s3.amazonaws.com/deepangelai/results/person/792fd63f-7293-4a01-a68c-b0c3e253c9ed/original.jpg,https://s3.amazonaws.com/deepangelai/results/person/792fd63f-7293-4a01-a68c-b0c3e253c9ed/box/_100.jpg,person,5
385,https://s3.amazonaws.com/deepangelai/results/person/b79d57b9-4ed3-42fa-b48a-2d5dd937b2cf/original.jpg,https://s3.amazonaws.com/deepangelai/results/person/b79d57b9-4ed3-42fa-b48a-2d5dd937b2cf/box/_100.jpg,person,4
386,https://s3.amazonaws.com/deepangelai/results/person/b7d481f5-7b7d-4fb4-a64d-d5e642c85a9b/original.jpg,https://s3.amazonaws.com/deepangelai/results/person/b7d481f5-7b7d-4fb4-a64d-d5e642c85a9b/box/_100.jpg,person,4
387,https://s3.amazonaws.com/deepangelai/results/person/2c97185e-c7ef-4747-afed-524bea709bf0/original.jpg,https://s3.amazonaws.com/deepangelai/results/person/2c97185e-c7ef-4747-afed-524bea709bf0/box/_100.jpg,person,5
388,https://s3.amazonaws.com/deepangelai/results/person/ce9c7ab7-c0d3-4754-b03a-ca665fbdd449/original.jpg,https://s3.amazonaws.com/deepangelai/results/person/ce9c7ab7-c0d3-4754-b03a-ca665fbdd449/box/_100.jpg,person,4
389,https://s3.amazonaws.com/deepangelai/results/laptop/aa012b07-3e47-4906-8978-3dc28e739e19/original.jpg,https://s3.amazonaws.com/deepangelai/results/laptop/aa012b07-3e47-4906-8978-3dc28e739e19/box/_100.jpg,laptop,5
390,https://s3.amazonaws.com/deepangelai/results/bicycle/e096effa-16e8-4f7e-b358-56a468953528/original.jpg,https://s3.amazonaws.com/deepangelai/results/bicycle/e096effa-16e8-4f7e-b358-56a468953528/box/_100.jpg,bicycle,5
391,https://s3.amazonaws.com/deepangelai/results/person/745d2a58-02ab-4f7a-884d-62722b77d3e2/original.jpg,https://s3.amazonaws.com/deepangelai/results/person/745d2a58-02ab-4f7a-884d-62722b77d3e2/box/_100.jpg,person,5
392,https://s3.amazonaws.com/deepangelai/results/person/a6031791-4ded-459a-bf3a-a9c358196397/original.jpg,https://s3.amazonaws.com/deepangelai/results/person/a6031791-4ded-459a-bf3a-a9c358196397/box/_100.jpg,person,5
393,https://s3.amazonaws.com/deepangelai/results/person/82f9b34c-c017-40f0-919a-0fb94b070aec/original.jpg,https://s3.amazonaws.com/deepangelai/results/person/82f9b34c-c017-40f0-919a-0fb94b070aec/box/_100.jpg,person,5
394,https://s3.amazonaws.com/deepangelai/results/person/ca0300cf-6afc-4304-b0cd-7af422c1c79f/original.jpg,https://s3.amazonaws.com/deepangelai/results/person/ca0300cf-6afc-4304-b0cd-7af422c1c79f/box/_100.jpg,person,5
395,https://s3.amazonaws.com/deepangelai/results/bench/6eda04a7-2ddb-4c84-8f47-98a5146b5d48/original.jpg,https://s3.amazonaws.com/deepangelai/results/bench/6eda04a7-2ddb-4c84-8f47-98a5146b5d48/box/_100.jpg,bench,5
396,https://s3.amazonaws.com/deepangelai/results/cat/7d36bf09-d3f9-491e-90af-e94a0089e4fc/original.jpg,https://s3.amazonaws.com/deepangelai/results/cat/7d36bf09-d3f9-491e-90af-e94a0089e4fc/box/_100.jpg,cat,5
397,https://s3.amazonaws.com/deepangelai/results/person/3beb5064-c9ff-40ce-8d7c-8d35efd74cfc/original.jpg,https://s3.amazonaws.com/deepangelai/results/person/3beb5064-c9ff-40ce-8d7c-8d35efd74cfc/box/_100.jpg,person,4
398,https://s3.amazonaws.com/deepangelai/results/person/d2e5beb6-965a-4be7-bd24-3f422a8a563e/original.jpg,https://s3.amazonaws.com/deepangelai/results/person/d2e5beb6-965a-4be7-bd24-3f422a8a563e/box/_100.jpg,person,5
399,https://s3.amazonaws.com/deepangelai/results/dog/8d8d5466-0ffa-48f7-ac19-ab7b45716c3d/original.jpg,https://s3.amazonaws.com/deepangelai/results/dog/8d8d5466-0ffa-48f7-ac19-ab7b45716c3d/box/_100.jpg,dog,1
400,https://s3.amazonaws.com/deepangelai/results/person/25ef940d-9d09-47b6-9d05-8cdca658af6f/original.jpg,https://s3.amazonaws.com/deepangelai/results/person/25ef940d-9d09-47b6-9d05-8cdca658af6f/box/_100.jpg,person,2
401,https://s3.amazonaws.com/deepangelai/results/person/0dbbeb25-0f86-4525-9c5a-c3a72f21f3c6/original.jpg,https://s3.amazonaws.com/deepangelai/results/person/0dbbeb25-0f86-4525-9c5a-c3a72f21f3c6/box/_100.jpg,person,5
402,https://s3.amazonaws.com/deepangelai/results/cat/a2ebec5f-efec-42b6-9e49-8c0a298e8825/original.jpg,https://s3.amazonaws.com/deepangelai/results/cat/a2ebec5f-efec-42b6-9e49-8c0a298e8825/box/_100.jpg,cat,5
403,https://s3.amazonaws.com/deepangelai/results/skis/bcd6c66c-6c9d-4bce-9f1e-26a0241b5b6b/original.jpg,https://s3.amazonaws.com/deepangelai/results/skis/bcd6c66c-6c9d-4bce-9f1e-26a0241b5b6b/box/_100.jpg,skis,4
404,https://s3.amazonaws.com/deepangelai/results/cat/1423e5bf-1c69-4a82-9e70-f868fbaeb7cc/original.jpg,https://s3.amazonaws.com/deepangelai/results/cat/1423e5bf-1c69-4a82-9e70-f868fbaeb7cc/box/_100.jpg,cat,5
405,https://s3.amazonaws.com/deepangelai/results/person/cba87777-5754-467b-bebe-78d7a1b818eb/original.jpg,https://s3.amazonaws.com/deepangelai/results/person/cba87777-5754-467b-bebe-78d7a1b818eb/box/_100.jpg,person,1
406,https://s3.amazonaws.com/deepangelai/results/person/c941e19c-2c4e-43bb-b1db-e05f82cda440/original.jpg,https://s3.amazonaws.com/deepangelai/results/person/c941e19c-2c4e-43bb-b1db-e05f82cda440/box/_100.jpg,person,5
407,https://s3.amazonaws.com/deepangelai/results/person/c615a1da-963a-4c70-a279-e9c48227876c/original.jpg,https://s3.amazonaws.com/deepangelai/results/person/c615a1da-963a-4c70-a279-e9c48227876c/box/_100.jpg,person,4
408,https://s3.amazonaws.com/deepangelai/results/person/9fb00ad0-af6b-4ba8-8d5d-db45407634c5/original.jpg,https://s3.amazonaws.com/deepangelai/results/person/9fb00ad0-af6b-4ba8-8d5d-db45407634c5/box/_100.jpg,person,5
409,https://s3.amazonaws.com/deepangelai/results/motorcycle/a53edd6b-d2d5-4dc0-a4ab-5ca9bbdbd8f1/original.jpg,https://s3.amazonaws.com/deepangelai/results/motorcycle/a53edd6b-d2d5-4dc0-a4ab-5ca9bbdbd8f1/box/_100.jpg,motorcycle,5
410,https://s3.amazonaws.com/deepangelai/results/person/1076bfaf-c862-46d1-928f-249974e346a4/original.jpg,https://s3.amazonaws.com/deepangelai/results/person/1076bfaf-c862-46d1-928f-249974e346a4/box/_100.jpg,person,4
411,https://s3.amazonaws.com/deepangelai/results/person/7c2b0a47-4c0c-44eb-b146-427781bce4ce/original.jpg,https://s3.amazonaws.com/deepangelai/results/person/7c2b0a47-4c0c-44eb-b146-427781bce4ce/box/_100.jpg,person,5
412,https://s3.amazonaws.com/deepangelai/results/keyboard/521fc57a-dd85-4ece-ab52-fcada8e8504b/original.jpg,https://s3.amazonaws.com/deepangelai/results/keyboard/521fc57a-dd85-4ece-ab52-fcada8e8504b/box/_100.jpg,keyboard,3
413,https://s3.amazonaws.com/deepangelai/results/dog/ffa3d469-2049-4d8e-866a-e11f119541e0/original.jpg,https://s3.amazonaws.com/deepangelai/results/dog/ffa3d469-2049-4d8e-866a-e11f119541e0/box/_100.jpg,dog,5
414,https://s3.amazonaws.com/deepangelai/results/person/f52348af-ac0b-4ff5-a065-dc9e77063c4c/original.jpg,https://s3.amazonaws.com/deepangelai/results/person/f52348af-ac0b-4ff5-a065-dc9e77063c4c/box/_100.jpg,person,5
415,https://s3.amazonaws.com/deepangelai/results/person/af4ed21c-9491-4140-bf64-05cb669f7e08/original.jpg,https://s3.amazonaws.com/deepangelai/results/person/af4ed21c-9491-4140-bf64-05cb669f7e08/box/_100.jpg,person,5
416,https://s3.amazonaws.com/deepangelai/results/dog/cccdef51-ed0c-40f8-bb74-6d73c58b86b1/original.jpg,https://s3.amazonaws.com/deepangelai/results/dog/cccdef51-ed0c-40f8-bb74-6d73c58b86b1/box/_100.jpg,dog,2
417,https://s3.amazonaws.com/deepangelai/results/person/85d40934-f42c-4ced-8190-8f24f68fb424/original.jpg,https://s3.amazonaws.com/deepangelai/results/person/85d40934-f42c-4ced-8190-8f24f68fb424/box/_100.jpg,person,4